user_id,name,email,password
1,Raymond Casey,raymond3349@yahoo.com,3!1WDk
2,,,w_BN99BcE
3,Brian Davis,brian1011@outlook.com,Jo%4sIa4
4,zachary steele,zachary622@gmail.com,_89wLBy
5,Gary Wiley,gary8200@test.com,_4k9Ohz
6,Jennifer Lowe,jennifer2369@company.com,*1JikNr
7,Jacob Randall,jacob1599@outlook.com,0mWbZ19v+
8,Scott Phillips,scott816@company.com,j^8GCm*d
9,GRACE MILLER,grace819@mail.com,#TAn1Ge
10,BRIAN ROACH,brian3003@outlook.com,k@b3qOy
11,Nicholas Taylor,nicholas6649@mail.com,OP(N1@Jg^h
12,Tyler Torres,tyler7836@outlook.com,@9WF2QwMYjyw
13,crystal blanchard,crystal2562@gmail.com,356J&mMr(M
14,Jared Williams,jared8775@outlook.com,*69XcT
15,Michael Adams,michael7310@company.com,V*B05kIeCbE
16,Joshua Jackson,joshua8595@gmail.com,+4o7Ea
17,Mr. Devin Howard,mr.9952@mail.com,N^8VtM
18,Alison Rodriguez,alison2646@gmail.com,%03bNJi7
19,Angelica Davis,angelica8287@gmail.com,^6mA%fia
20,David Johnson,david60@test.com,HiR8UcMt*
21,Antonio Williams,antonio9791@gmail.com,_830Hc
22,Alyssa Jackson,alyssa1972@gmail.com,X(x9S8jv
23,Sherri Hunt,sherri910@gmail.com,#58Jjlb0
24,Angela Vincent,angela7023@outlook.com,Cz@87Qrmly
25,Cheryl Strickland,cheryl1805@mail.com,(6gsXMIk&w
26,Philip Watson,philip9449@test.com,&j$#9Fea%
27,Mrs. Becky Franklin,mrs.5686@mail.com,&#5FfGv
28,Lisa Mcdowell,lisa8799@company.com,P@1AcESu3YZN
29,Tyler Campbell,tyler9977@gmail.com,)*G2(y*W4j
30,,,Hlnb6D+tN(
31,Kristina Carter,kristina5923@mail.com,+r@6Edv
32,jonathan salas,jonathan8984@company.com,^2G#gGDl
33,Rachael Rodriguez,rachael6840@outlook.com,Gs&5Pdx
34,Mrs. Beth Richardson DDS,mrs.4249@test.com,(9ArLKcv
35,Jim Sampson,jim2963@gmail.com,D@7E(wkah&
36,Jason Francis,jason6084@mail.com,%^2WGOq&
37,Samuel Jones,samuel6063@gmail.com,9)8qDa1ev
38,anthony garrett,anthony628@mail.com,^4TIUxe
39,Michele Carter,michele1872@test.com,!9Jak9RQ2
40,Charles Mejia,charles5842@mail.com,_$0qBux
41,CYNTHIA HAYES,cynthia4987@company.com,AD@EAfsv7&H#
42,Janet Payne,janet6610@company.com,9L%6JKyPh
43,Joel Rhodes,joel1361@company.com,@1xfGx_
44,Tommy Hall DVM,tommy1068@yahoo.com,+4SSn+
45,Teresa Brown,teresa7608@company.com,%484U1tz0g
46,Sandra Lopez,sandra2269@mail.com,$p^6Gfk(
47,Tara Lopez,tara3007@test.com,(1MjwK
48,Marvin Martin,marvin3318@yahoo.com,&51XbE
49,Amber Brown MD,amber8674@gmail.com,74Wn5L_U!1t
50,Angela Powers,angela8976@outlook.com,#7kdRqaE
51,Kari Hawkins,kari7998@company.com,
52,Anthony Adams,anthony843@gmail.com,((&3OIUq_XK
53,Bradley Salazar,bradley8526@mail.com,kz5Nrw9z#
54,WILLIAM BALL,william7940@gmail.com,%663Hg+
55,Lauren Kennedy,lauren4331@outlook.com,R#4kGs
56,Cameron Martinez,cameron3732@test.com,(8FXkQ
57,Adam Henderson,adam9926@yahoo.com,*AAStFVwe3s_
58,Laura Cruz,laura5256@test.com,(8rq3xJzl
59,Kristina Smith,kristina6567@yahoo.com,&U3KMYs8x#9
60,Charles Wolf,charles1342 @ gmail.com,_k3b#Lv
61,JASON PONCE,jason6778@test.com,Rq@3ORpI
62,maria casey,maria9793@yahoo.com,%KRFjQnr1
63,John Munoz,john6508@company.com,5V*26Hl
64,ERICA BROOKS,erica835@mail.com,
65,Bill Knight,bill5147@test.com,^B7N!WTh
66,Kimberly Mendez,kimberly154@outlook.com,$Y5OPpu
67,Brenda Smith,brenda891@mail.com,%0HS(n
68,Christy Wilson,christy2786@mail.com,o3VqP$4i(
69,Jeanne Parks,jeanne3178@outlook.com,TQ8v!H(i(yX@
70,Adrienne Thomas,adrienne3207@outlook.com,Q(3AVNz
71,Brett Perez,brett6292@gmail.com,&w#7Bxed@
72,Jacob Tucker,jacob4370@gmail.com,U%kG3DBs9
73,Aaron Allen MD,aaron3332@company.com,*0Z0DvN)
74,Dawn Ray,dawn8678@company.com,vlZ1S^pt$aY
75,Jeremy Price,jeremy9568@yahoo.com,password
76,Richard Osborne,richard5484@outlook.com,(Bc8%tMk@
77,Dennis Williams,dennis1326@mail.com,8@1OWBNg
78,Kyle Davis,kyle1884@yahoo.com,o^tvAv)X!H5f
79,TIMOTHY SKINNER,timothy6685@company.com,#20#CFp
80,John Reed,john412@test.com,&*N3Q(xi0+
81,William Hall,william5721@outlook.com,jA@21NBxf
82,Carlos Reyes,carlos3863@outlook.com,AOW0G)v$*
83,Stephen Garrison,stephen7344@mail.com,y$1OqH
84,Kelsey Mccormick,kelsey4048@test.com,fg%M5zJk)2
85,LYNN HUYNH,lynn8782@outlook.com,!6A*Dj
86,Joyce Rosales,joyce9359@mail.com,qlR2GV8xSQ$
87,NANCY WOLF,nancy4205@company.com,RuJ@8QuB
88,Michael Davis,michael8958@gmail.com,&QH$51aa8tz5
89,Jennifer Bartlett,jennifer4888@mail.com,%*3PxzkS*zT
90,Ms. Elizabeth Estes,ms.9644@test.com,UFQ23uuE_0
91,Margaret Guerra,margaret4942@company.com,x)i47Ab
92,Meghan Odom,meghan4289 @ outlook.com,_2a@$gB8x@
93,Steven Salas,steven1961@outlook.com,(*NIQ0Ik3
94,David Costa,david3539@mail.com,)9J#YWHhM$
95,Alexandra Burnett,alexandra8366@yahoo.com,p1A8Yvdn@@
96,KENNETH LAM,kenneth1647@mail.com,@83U1Mg
97,Grace Torres,grace7608@outlook.com,#_5CN!Epu
98,Patricia Larson,patricia9764@outlook.com,fU3^+0Mm6_s
99,Bryan Wright,bryan7049@yahoo.com,)jZjtn*uts7Y
100,Barbara Bates,barbara678@mail.com,p)cGXIapnB4
101,Meagan Garcia,meagan1374@test.com,6Oa5(0KeYH)
102,Jordan Hunt,jordan2924@yahoo.com,(h24Wo
103,Jennifer Williams,jennifer6678@test.com,^rlMY^qi#7l
104,Karen Schultz,karen3919@gmail.com,is5FJwcJ!#B
105,Jeffrey Glenn,jeffrey2090@yahoo.com,4&4QnR
106,Carla Neal,carla4969@mail.com,1k)Mz1Zr5
107,Noah Lee,noah9991@gmail.com,i_1sCz
108,Joshua Osborn,joshua7807@mail.com,G5$W2LhpIP
109,Andrew Whitney,andrew6753@company.com,&9QFkVmqJ
110,Brian Summers,brian7111@test.com,^Mvl5FBzX
111,,,#c3AjmF
112,Anthony Schaefer,anthony365@company.com,!9WOks
,Christine Smith,christine1836@outlook.com,_45TEvt
114,Sergio Brooks,sergio2798@test.com,&2Dx0(RwZ9
115,Scott Davidson,scott8242@outlook.com,v(6ZV+j
116,tami garcia,tami7280@company.com,J8+1uHymg
117,Stephanie Silva,stephanie5879@mail.com,*TG3Ua@8
118,Thomas Espinoza,thomas7186@yahoo.com,5T0EoiOqj$R
119,Steven Holder,steven7060@outlook.com,*7Pk0HTgLL
120,Alison Cox,alison4060@outlook.com,VA(^6Ys
121,Sandy Ramsey,sandy1507@yahoo.com,O+7Rnc53SR
122,,,%7KAAse
123,john powers,,88MPUIFl##U9
124,Meagan Church DDS,meagan8744@gmail.com,i_2Ghj
125,Denise Clark,denise2274@mail.com,8W&8MBi*&n
126,Aaron Lee,aaron2263@gmail.com,Nj1Q+nsn#Yr
127,daniel foster,daniel772@mail.com,@Z28F_Mn&0sA
128,Louis Gibson,louis6073 @ test.com,+05NGy
129,Darrell Logan,darrell5008@mail.com,%#j%S$xyc$j3
130,Lisa Parsons,lisa4629@yahoo.com,@5AL+p1ee
131,Mitchell Howard,mitchell3100@gmail.com,)3O3IU9q7I
132,Lisa Duran,lisa9014@company.com,!3FlJ6NqU
133,Sarah Flores,sarah8572@company.com,$0HydRw
134,JOSHUA ROSS,joshua7837@yahoo.com,U!3e)YdlG
135,Leslie Smith,leslie8491@yahoo.com,^Xw3jVlU
136,Thomas Reynolds,thomas6892@yahoo.com,u$3@WEwr$
137,joseph page,joseph6405@mail.com,^i36TbJq*g9
138,James Walker,james2123@mail.com,%h7&6Ao
139,Tiffany Banks,tiffany6887@yahoo.com,z1G0i(Rr^a
140,Raymond Delgado,raymond2918@test.com,Pn$43Mo
141,Karen Garcia,karen2206@company.com,#MbTtQ1k5@w6
142,Larry Ramirez,larry738@gmail.com,u9tOvz%Y+
143,Kevin Powell,kevin470@mail.com,*1cBwx
144,Zachary Vargas,zachary5584@gmail.com,z@7vUtG$
145,Michael Beasley,michael3874@yahoo.com,fG!gI&pN!*76
146,Rita Munoz,rita7857@outlook.com,_3jN8@xlXjW+
147,Tyler Price,tyler7090@outlook.com,%j@^3zTrG
148,Michael Taylor,michael3149@gmail.com,Vm(H7W%d_
149,Shannon Vang,shannon5881@mail.com,Zo6MUvDf#U1
150,richard shannon,richard3076@yahoo.com,R_4wWd
151,Morgan Rowland,morgan7244@yahoo.com,!4OZx%D
152,Garrett Park,garrett6031@test.com,^)0Gxz
153,sharon gutierrez,sharon5222@outlook.com,$2E@jZ
154,Lisa Martin,lisa6323@outlook.com,Wq^5F^oXG
155,Bryan Schmidt,bryan6811@mail.com,b%g3(4Xe
156,Heather Larsen,heather512@mail.com,
157,Penny Bishop,penny5478@company.com,%i9Pu%
158,kathleen smith,kathleen2646@mail.com,_x4olbkhB4SF
159,Danielle Miller,danielle5535@mail.com,DfNP6e00&9
160,Angela Marquez,angela3552@yahoo.com,(vc75KazF(
161,JESSICA PEREZ,jessica344@test.com,(XBH6GciS2s
162,Julie Rogers,julie9265@outlook.com,$($BMeyA4
163,Julia Salas,julia4075@yahoo.com,+4Og2ePe
164,Johnathan Peterson,johnathan417@mail.com,)8AlHPi
165,Mary Ellis,mary9062@company.com,s)K3IuP@z
166,David Hart,david2271@yahoo.com,
167,Jennifer Cooper,jennifer2070@gmail.com,*wO5MqEt^
168,Amanda Cordova,amanda6571@mail.com,)u9zvIo
169,Bonnie Cortez,bonnie3124@outlook.com,g*6FfK2&$iZ
170,Michael Price,michael3730@gmail.com,)9ZH7Dd%
171,Sarah Gutierrez,,a8WR7HhE+1@
172,Jack Williams,jack8460@company.com,password
173,Robert Herrera,robert9285@outlook.com,F^7E4lRl
174,Madison Wheeler,madison398@test.com,_W8RJSff
175,JOSE RANDALL,jose3265@outlook.com,C@7V5a
176,Ricky Dillon,ricky3624@yahoo.com,$W_9L7db
177,Anthony Saunders,anthony9006@yahoo.com,!9Eyym
178,Christian Mccarthy,christian3283@gmail.com,_xg1SfkHbP
179,Connie Kennedy,connie2164@yahoo.com,%8OJmP$
180,Tracy Keith,tracy7019@yahoo.com,g&yd3BNn(_
181,Gerald Evans,gerald7530@company.com,2Fem1#9kx+Bf
182,Christopher Lewis,christopher7121@company.com,w&1PsaE
183,Jose Williams,jose7218@test.com,(33FhQ
184,Alexander Weiss,alexander9575 @ outlook.com,zyXinbO0^8dl
185,Heidi Hutchinson,heidi8709@gmail.com,n0MDXiwH$m^3
186,Laura Wolfe,laura1736@outlook.com,U!HX1LCw^0
187,Nicole Russo,nicole3800@test.com,h&9U!JbliD4z
188,Cynthia Patel,cynthia6429@outlook.com,password
189,John Nunez,john16@outlook.com,)twO*Ja(M9
190,Jackie Valenzuela,jackie6041@gmail.com,C$0^DVwp
191,Sarah Taylor,sarah2629@mail.com,q3Y#VVm#%
192,Caitlin Smith,caitlin2963@gmail.com,M(!3Cv%XZ(
193,Elizabeth Moore,elizabeth4579@mail.com,pkTf72Lz+xM
194,CHARLES PEREZ,charles578@company.com,^nxSsdw%0
195,John Hopkins,john9621@yahoo.com,0w$7q4Ve*
196,Peter Walker,peter4147@yahoo.com,%1NmlH!tzp
197,Marie Compton,marie5141@outlook.com,^9BGj3aA
198,Tiffany Hubbard,tiffany65@test.com,)42*9q7VUc1B
199,Gabrielle White,gabrielle96@test.com,mZ5hFxjhG!
200,Richard Richards,richard9568@mail.com,N@cDI9FpM
201,Roger Parker,roger6236@mail.com,)k!)8H+n2
202,Joshua Welch,joshua4224@yahoo.com,$8nnAp0
203,Jeffrey Cameron,jeffrey8411@mail.com,%%5cgIUyY)z8
204,Kim Hart,kim1472@mail.com,+6H*Abp3bLAf
205,Daniel Greene,daniel6611@outlook.com,#NAME?
206,,,@#!d9UIy
207,Krista Curry,krista2484@outlook.com,*1xTLj*qn
208,Michelle Miller,michelle3290 @ mail.com,g5SAotsm&kf
209,Paul Barnes,paul8461@mail.com,V+5dCk%w
210,Victoria Lewis,victoria7988@gmail.com,K*j8vVtW)8
211,Christian Watson,christian9782@mail.com,b%8iTya
212,Todd Williams,todd5057@company.com,_IF6rc@dof5y
213,Victoria Wheeler,victoria4517 @ yahoo.com,R*4HNd
214,Carolyn Ortiz,,%97%Wjm
215,Savannah Johnson,savannah3470@company.com,_6*TpX*(Q0
216,GABRIELLE COX,gabrielle7317@gmail.com,*^5VPd
217,Ronald Rogers,ronald7258@test.com,C$V9JBk9Aip%
218,Mr. Matthew Watson,mr.8397@gmail.com,BRQh0aRp)
219,Paul Scott,paul1041@mail.com,um)@*7Vp
220,Jessica Kennedy,jessica383@gmail.com,5m&1JrD
221,WILLIAM WARD,william6762 @ gmail.com,123456
222,James Morgan,james1795@gmail.com,password
223,Deborah Brandt,deborah9671@outlook.com,(U+3Kkq231GM
224,Dawn Singh,dawn5553@gmail.com,b$9bJy
225,christopher gonzalez,christopher8923@gmail.com,@2Thwtgz&P1I
226,Roberta Valencia,roberta5050@gmail.com,
227,Michelle Johnston,michelle4307@outlook.com,5*_X7KOu
228,James Fernandez,james9781@yahoo.com,8H_Qk%RS#V
229,Sandra Long,sandra2249@gmail.com,P)1$9AWd
230,Michael Chapman,michael4220@mail.com,80G7#Qd6i+vU
231,Eric Mendoza,eric2335@mail.com,(8RJ0n@
232,Robert Baker,robert2578@company.com,#@86SZ78jt%5
233,Monique Mcdowell,monique4031@mail.com,WR9k@hcs_&E
234,Daniel Martinez,daniel4823@gmail.com,m7nojUIa)o
235,casey davis,casey6562@yahoo.com,NU&33QSu8
236,Michelle Huffman,,J%0eEHoD
237,Kevin Carter,kevin2566@company.com,+2Co0&h^W(lY
238,Jonathon Wolf,jonathon4561@mail.com,#w9jNjqg
239,Juan Rice,juan3086 @ mail.com,_z3AhSl
240,Charlene Turner,charlene1041@test.com,@$1wNt0a
241,Angela Torres,angela4568@test.com,#z24QOte&
242,Melanie Morris,melanie9185@gmail.com,AD7+9Ud
243,Dustin Young PhD,dustin5417@company.com,4Vo@V+UQQMNi
244,Luis Fletcher,luis1158@yahoo.com,f#C5wzEa
245,Kristen Burns,kristen927@yahoo.com,esv3A)Xy++AC
246,Rebecca Bernard,rebecca1176@mail.com,5((cb^8h*4T
247,Mr. Zachary Rocha,mr.1872@company.com,tqLCm*TZV#6G
248,Carol Houston,carol4396@company.com,h^VayUo1C!6R
249,Anthony Green,anthony5721 @ mail.com,*7RVf3@W&^V
250,Daniel Browning,daniel1076@mail.com,$12gTb8nveW
251,George Tucker,george6661@mail.com,pW^5oBOgr
252,Holly Duffy,holly8749@yahoo.com,&7FXaP
253,Tommy Scott,tommy1513@outlook.com,#q5vZh7c(hRH
254,Kelly Schwartz,kelly4028@gmail.com,_4XRBn
255,Crystal Moreno,crystal4901@yahoo.com,M)o0G9SnNf+e
256,Steven Alvarez,steven2629@gmail.com,Ps#6F_#eG
257,april romero,april642@gmail.com,#z($5DtM
258,Brett Delgado,brett1003@test.com,+u^1NPc
259,Chad Williams,chad618@gmail.com,@2tcVwMvL
260,Thomas Cruz,thomas9086@test.com,%(U5HBEpXK
261,James Mills,james4490@company.com,tAY3C(7j$
262,Jose Perkins,jose5497@test.com,Df$V0KZm
263,Mr. Bobby Wilkerson,mr.5141@mail.com,*99Sym@
264,Charles Lopez,charles1078@yahoo.com,p^9TcWV
265,Patricia Cervantes,patricia9832@test.com,l%3QxAdi
266,Jon Marsh,jon3686@company.com,123456
267,Kenneth Rasmussen,kenneth2498@outlook.com,S%r1ZKl@
268,,,6#c6ZzG
269,Scott Melton,scott8692@yahoo.com,#1G)rhmvR
270,Johnathan Hoffman,johnathan6792@test.com,oC60UlKu&Te
271,Suzanne Quinn,suzanne6757@yahoo.com,_%9R2i
272,Stacey Garrison,stacey5086@outlook.com,#94vSx0Trib
273,Jared Moore,jared4011@company.com,q#Dd3Qk(X+
274,Ms. Rebecca Schneider MD,ms.9054@gmail.com,3H@%0Fd3L5r
275,Jamie Holmes,jamie5393@outlook.com,#^8l3UHx
276,Cheryl Miller,cheryl5330@test.com,3!6XI4vS&
277,Lisa Gould,lisa9472@outlook.com,c0JTrleu$4@
278,mary avila,mary1886@gmail.com,Ue$z7Vi
279,Jack Dudley,jack3788@outlook.com,#NAME?
280,Michael Suarez,michael8523@outlook.com,7E)oSjiM@&7
281,Christina Ferguson,christina5580@mail.com,2F#VHrF#j#5h
282,Dr. Rachael Mckee,dr.9650@test.com,p(u4YdhBz
283,Justin Fischer,justin2337@company.com,$nczZ9+IC5Wd
284,Mark Allen,mark1694@yahoo.com,#0cwq(Lp
285,Krista Conrad,krista420@test.com,PrN)6Cs
286,Nicole Cunningham,nicole5746@mail.com,Y7%Zmumm!V
287,Michael Mason,michael4962@mail.com,9*1I($q
288,Kelly Johnson,kelly1897@outlook.com,@6j+D5BoT
289,Elizabeth Kirby,elizabeth696@yahoo.com,@m2X_1Jd
290,Jeffrey Brown,jeffrey5162 @ yahoo.com,!2P&wXfx
291,Thomas Thomas,thomas5181@outlook.com,m$DEPhN4&^D5
,Thomas Johnson,thomas8015@yahoo.com,4HvCX(Sj^
293,Ryan Blair,ryan1115@test.com,$K2FqPc1n^
294,Steven Jimenez,steven7016@yahoo.com,wj+4BGzahg
295,Heather Mitchell,heather7166@gmail.com,#l81Lzc
296,Matthew Hammond,matthew6436 @ outlook.com,(yV7ADm
297,JUAN RYAN,juan4217@mail.com,#NAME?
298,Shannon Harris,shannon443@outlook.com,^lBeLWk%GW6
299,John Gilbert,john6993@mail.com,z+8Oam
300,Jason Benson,jason8299@company.com,@z^1Hu
301,Kenneth Perez,kenneth7131@test.com,R(A6CRo
302,Jennifer Johnson,jennifer9042@yahoo.com,q47nVvk$_
303,Anthony Friedman,anthony1671 @ test.com,T7IVTsAc^b
304,Anthony Davis,anthony3877@company.com,#O2QQg
305,Erika Wheeler,erika5885@mail.com,(7wFTtxJTv7I
306,Justin Hansen,justin5073@mail.com,$5EWl+Ir
307,Joshua Miller,joshua8479@gmail.com,^1wOXwN
308,Lisa Brown,lisa7041@mail.com,A@d4O^ll
309,Keith Alvarado,keith3243@outlook.com,JLF6m^5ql&p%
310,John Anderson,john8763@gmail.com,_#8cLvp
311,David Jimenez,david4920@gmail.com,+q)h!1W4D9
312,Karen Castro,karen4981@gmail.com,
313,Pamela Medina,pamela6017@yahoo.com,)LcQ7Qe
314,Mark Smith,mark5454@outlook.com,Nb+A1JcxY8
315,Alyssa Bullock,alyssa5866@gmail.com,Rl&9Vn^
316,Kaitlyn Deleon,kaitlyn5795@gmail.com,*$0ReL
317,,,Z(NC@ASqTj03
318,Kimberly Sosa,kimberly486@yahoo.com,R)o9Fpi
319,nancy alvarez,nancy6401@company.com,$1DBpe
320,PAUL CARTER,paul4356@gmail.com,4)0x_1!y#M6R
321,Clarence Garcia,clarence2129@test.com,B_61Zn
322,Steven Moore,steven2482@gmail.com,d2_q2(Rm!
323,Donald Smith,donald5629@gmail.com,*fW$7Ym
324,Thomas Flores,thomas6449@company.com,c)_7H9m@4
325,Eduardo Spears,eduardo416 @ outlook.com,%wt76DEv$
326,Elizabeth Day,elizabeth7014@gmail.com,)83ISn!CO
327,Carol Gomez,carol6650@outlook.com,)*2F_vg
328,Gavin Smith,gavin5616@test.com,+0YMDixt02l
329,Ann Gonzalez,ann7129@test.com,F%3RYa
330,Heidi Gutierrez,heidi7536@gmail.com,^80Haj$&
331,Kayla Wagner,kayla6296@company.com,%zcB20Wa
332,Meredith Adams,meredith1658@yahoo.com,$4Hl97mVgMH
333,Cindy Thompson,cindy4220@outlook.com,7QLYugO$(eJd
334,Carla Riley,carla7186@company.com,&(4QOw
335,Elizabeth Perry,elizabeth9928@mail.com,^4Sxmh1lP&
336,Joseph Soto,joseph2925@outlook.com,_E+20Zx
337,Kristine Lamb,kristine9924@company.com,$29IJmzC
338,CANDICE VALDEZ,candice2513@gmail.com,oze+8DVjy
339,,,(VA2RyhT
340,Charles King,charles3402@outlook.com,r7K@ttAt25dl
341,LAURIE DUNN,laurie9905@company.com,%4AVs5EsXk6
342,Julie Carroll,julie1235 @ mail.com,XF2_Ymdn*!6O
343,,,Lm%4OlYu
344,Joann Hill,joann410@gmail.com,cGUSwd0^(7qN
345,Eddie Hines,eddie2577@company.com,c^30ypXj
346,Randy Perry,randy1051@outlook.com,7j)@#Lyuz+8d
347,ROBERT VALENZUELA,robert3742@gmail.com,6e)nN5Cn*ly
348,HANNAH CURTIS,hannah372@gmail.com,YNFD%4Oh
349,Janice Green,,en&u3JuQGX@
350,Brittney Ross,brittney2175@company.com,$J0Py$3i
351,DR. SAMANTHA LARSON,dr.7611@outlook.com,_0C+TBTe
352,Sandra Harrington,sandra2496@outlook.com,3c7*WKMK%$
353,David Carter,david8645@outlook.com,6vMH^9Lv)9
354,Leah Skinner,leah344@mail.com,+Ns43Y(q
355,Kevin Oneal,kevin1607@test.com,*%AjypwzM9
356,Victoria Powell,victoria9613@company.com,_1gu)X&waH
357,Cathy Rodriguez,cathy2189@gmail.com,!6ErU+N6
358,Michele Mcbride,michele5598@yahoo.com,W&)E#yfk#1N6
359,Chelsea Smith,chelsea9821 @ company.com,M()1Wpp
360,Anne Robinson,anne2367@mail.com,
361,Daniel Cox,daniel8410@yahoo.com,tQi2TRuA__
362,Christopher Santiago,christopher2284@yahoo.com,R_3R0vzm!LP
363,Joshua Lang,joshua2443 @ mail.com,q*7G_0Ll&Kk#
364,Penny Robinson,penny1382@test.com,Q)9MOUs4h%
365,Dustin Hernandez,dustin6006@gmail.com,e*8t$DLy)
366,Michael Caldwell,michael7852@outlook.com,Wci@7IzyWpS$
367,Robert Andrews,robert6727@gmail.com,
368,Harry Johnson,harry5289@mail.com,@6SYaci
369,Jason Davidson Jr.,jason5417@yahoo.com,!wk5cTd
370,Catherine Kelly,catherine3345@yahoo.com,*6Grc5
371,Eugene West,eugene6795@gmail.com,U$0rnGf
372,Paula Cabrera,paula9791@company.com,S6@i2FtTJ
373,Steven Mcdaniel,steven2245@company.com,Q2ZSv^v0*w
374,matthew jones,matthew7652@mail.com,_JaXDWqq(U5
375,Mark Rodriguez,mark5190@yahoo.com,_8IRhIAzD
376,frank garcia,frank9853@test.com,$!6Wyfu
377,Robin Brown,,$8TKv*
378,Valerie Thomas,valerie5715@test.com,@hIEB)Cq^7x
379,Ryan Lopez,ryan528@company.com,(6N0g0
380,Jennifer Sparks,jennifer8349@yahoo.com,c@6Sue
381,John Beard,john8176@test.com,%2Ti+eW
382,Robert Nicholson,robert2016@company.com,*J2rhdWw
383,Donald Abbott,donald9439@yahoo.com,YQJT9ZPnM+
384,Cynthia Obrien,cynthia2390@test.com,^(G9Kv
385,Connie Mullen MD,connie6240@gmail.com,ac3Fg2lvR_pB
386,Sarah Fuller,sarah6636@gmail.com,+141FdS
387,Ashley Harris,ashley3230@mail.com,#8pAiP
388,Karen Coleman,karen6580@yahoo.com,0#9JvF)t$sgM
389,David Glenn,david6665@gmail.com,^4&LJfp
390,Tracy Davis MD,tracy4859@outlook.com,**TMWFe35PaH
391,John Reilly,john6663@outlook.com,Q_b0R8Vo
392,Edward Callahan,edward7243@yahoo.com,go0gERVa(o
393,Mike Preston,mike1119 @ mail.com,H#3Hg&gk
394,Alexander Sanchez,alexander6971 @ yahoo.com,yBe$0Rg
395,Jared Rodgers,jared2507@outlook.com,qZ5CDz#uc^
396,Brittany White,brittany4334@outlook.com,J0#B1H4i
397,Melinda Oliver,melinda5567@test.com,Ug43TCbp7^
398,Kimberly Garza,kimberly4640@mail.com,&&VxM7xac4
399,EDWIN MENDEZ,edwin813@mail.com,5mNXRLhC$JO
400,Derek Graham,derek4623@outlook.com,xp^9BAm
401,BLAKE FREEMAN,blake8638@mail.com,XNQL5vCxU*pf
402,Mr. Jose Anderson,mr.3340 @ yahoo.com,%$*7H)nq2
403,Curtis Simmons,curtis4664@yahoo.com,LNj2lVTmw_!w
404,Elizabeth Wilson,elizabeth9141@outlook.com,W0n((m1yBzOT
405,Steven Miller,steven5436@test.com,3(1EQh_
406,Anthony Rosales,anthony8601@yahoo.com,(&7ET)u
407,Carlos Young,carlos5561@yahoo.com,nQbkkKkM_4Gm
408,Jonathan Gilmore,jonathan2674@mail.com,9*)7zZqe
409,Emily Pace,emily1387@company.com,5+6ISj
410,Megan Gonzales,megan4731@gmail.com,b*k9QIjqK
411,Alexander Wright,alexander4498@outlook.com,v%u5Cmm8
412,Lauren Johnson,lauren5306@test.com,(xHMFr3I06
413,Elizabeth Parker,,#7Gf7Plj
414,Marissa Martin,marissa5819@company.com,+XpnH(ro1
415,Richard Smith,richard5803@company.com,p!3sIj
416,Stephanie Barnes,stephanie8557@company.com,@2boYa
417,Amber Parker,amber3796@test.com,@5eOGmm
418,John Thomas,john3600@gmail.com,if*)ji^iFh4P
419,James Moyer,james1828@mail.com,_5B*n8
420,David Thomas,david9460@test.com,X*8STgd
421,Theresa Ortiz,theresa1652@test.com,%456!I4k_
422,,,123456
423,Andrea Fuller,andrea2778@outlook.com,xs3M1Whd*Qu
424,Douglas Gonzalez,douglas3920@company.com,)7ATH_d
425,,,A_lW1HVyl
426,Stephanie Brown,stephanie1192@company.com,password
427,Terry Cantu,terry1052@company.com,Z#)4dIsz0F
428,Norma Jones,norma839@outlook.com,@&7HOg
429,Virginia Martinez,virginia5471@gmail.com,+1_fvNLkn
430,Andrew Bass,andrew6133@outlook.com,+8RP5RDKbiM
431,Aaron Anderson,aaron2294 @ outlook.com,$S6MLRjdE+
432,William Johnson,william1145@company.com,a72ucLtw^c
433,CHERYL BLACK,cheryl2294@gmail.com,11^2Q)bLi)
434,Ashley Johnson,ashley6632 @ mail.com,U0$p4Bc
435,,,wp3T&jvEI2V*
436,Nicole Martinez,nicole254@outlook.com,rO8AQJYqr))
437,Virginia Kim,virginia7934@company.com,
438,Kevin Compton,kevin6500@mail.com,*0Q@uT1tFe
439,Jennifer Haney,jennifer2592@gmail.com,agU!R2Kj
440,Lauren Martinez,lauren7095@gmail.com,&D5VNYr
441,Jeffrey Craig,jeffrey5799@yahoo.com,Z#+aSyDL*DD9
442,Heather Stokes,heather8688@yahoo.com,!5(Qd0
443,Robert Williams,robert1535@company.com,yUI)wtre29nD
444,Joseph Carroll,joseph1167@test.com,#d$V8u*1z5I
445,Emily Jones,emily5006@company.com,!7F_8xt
446,Jesse Kim,jesse6546@gmail.com,D!8PMzSj9bJM
447,Natalie Harris,natalie87@test.com,Y(a60@Mb
448,Elizabeth Phillips,elizabeth7774@mail.com,@+1MwbL
449,Mary Raymond,mary6214@test.com,$^d&8Hc
450,Joshua Russo,joshua2309@outlook.com,jE$f8SmYEL
451,luis wright,luis4889@outlook.com,2b$8QGgI)Xt
452,Linda Williams,linda7880@test.com,)O2ED*jC
453,Diana Miranda,diana1546@mail.com,MC@7Io
454,Debra Perez,debra4147@gmail.com,I&1GyWuJEV
455,Deborah Escobar,deborah6009@mail.com,%PQ9XFr
456,Sara Rice,sara8738@company.com,So1_6Sd
457,William Clark,william6986@test.com,*4pKsV0F
458,Anthony Williams,anthony8364@test.com,%MHZ3Go
459,Joshua Kirk,joshua1882@yahoo.com,123456
460,Jonathan Pearson,jonathan5654@outlook.com,$bXF&eDr+l2
461,Elizabeth Gates,elizabeth5472@yahoo.com,0^yPA9BV_b
462,Haley Estrada,haley3931@company.com,zzP_xGYj5!X5
463,John Adams,john5471@gmail.com,htWeHHYf$1
464,Kathleen Hawkins,kathleen5605@gmail.com,5G1MLQgg$N@#
465,Michael Green,michael6741@outlook.com,(15H6Rlz$+
466,Megan Sullivan,megan3393@yahoo.com,O3#J1Ps
467,Sabrina Hall,sabrina300@company.com,
468,Steven Cross,steven7135@mail.com,#)#5fuQ)#LRJ
469,Bailey Sellers,bailey8174@outlook.com,bDc+YSNs*5q
470,Susan Ferguson,susan824@outlook.com,@4K_fW
471,Mr. Richard Graham,mr.7572@test.com,+3BYnf
472,Ethan Levy,ethan5264@company.com,j06CSVVl#
473,Matthew Castaneda,matthew8902@mail.com,r76lRK!&!
474,Angel Hunter,angel5157@mail.com,n&Cw8GNmS
475,Daniel Lane,daniel838 @ company.com,%0STbOw
476,Joshua Freeman,joshua5717@mail.com,AB5)1NVr
477,Dr. Mariah Hughes,dr.2098@mail.com,%w1MaL
478,Chelsea Jackson,chelsea8100@test.com,O&8PapF2
479,Stephanie Pope,stephanie6310@yahoo.com,3zXCsf0E_
480,Tamara Duncan,tamara5821@yahoo.com,$8L@wp(
481,Lisa Chaney,lisa6020@outlook.com,R!8FCb
482,JESSICA MENDOZA,jessica5751@mail.com,c#2lIxjdc
483,,,#@7W!v
484,Christine Lin,christine3151@yahoo.com,lyp3rSKzK2#
485,Miss Diane Espinoza,miss3086@test.com,#p09ZBp
486,Sara Molina,sara609@gmail.com,*ly9Uuy^vJQe
487,Anna Beard,anna2095@outlook.com,96P9YccK%
488,Alicia Hall,alicia2341@test.com,v$9+ZsXLp5
489,Vicki Marsh,vicki3108@mail.com,y^$9EIrua
490,Donald Snyder,donald6538@mail.com,qS$9XGNb#V5j
491,Calvin King,calvin3012@company.com,+80u_nXwh
492,Victoria Coleman,victoria1552@mail.com,+$@AJg1VW5
493,Christine Collins,christine8838@gmail.com,V%q2vUEs+
494,Brenda Vazquez,brenda4941@gmail.com,G9R+hSDk+ig0
495,Kenneth Stephens,kenneth6427@gmail.com,^94BCQs
496,Jacqueline Mccann,jacqueline9030@test.com,^#3ZJh
497,Hunter Hernandez,hunter5837@test.com,password
498,Jason Perez,jason4416@gmail.com,&5K!5Ect#
499,Brian Harrison,brian1380@outlook.com,0xUxR!#@*
500,Mark Clayton,mark9761@mail.com,_4SFFgx
501,Jennifer Reyes,jennifer4429@gmail.com,3)d2Ei6
502,Robert Olson,robert7648@yahoo.com,b@h9BC@cflXW
503,William Lyons,william6292@company.com,CcAH2JBxY+7
504,Jennifer Murray,jennifer4693@company.com,t3Eb5wx&!
505,Randall Wood,randall6168@gmail.com,4fO7v4KxhG&z
506,Danielle Thompson,danielle3665@company.com,FFy_O7Ta0*
507,Daniel Johnston,daniel5926@outlook.com,&d$M8)npw1
508,Shannon Sexton,shannon7380@yahoo.com,j_0OVYv
509,Linda Nelson,linda4024@outlook.com,)82FUjF
510,Angel Morgan,angel5324@test.com,@U*3eNke
511,Elizabeth Oliver,elizabeth4984@mail.com,&x#_NeYIp9
512,Willie Pittman,willie956@test.com,w626TPQl+Lv
513,Matthew Jenkins,matthew5204@test.com,)@XkkgIt^4p)
514,Eric Taylor,eric788@mail.com,@2AzwaJJw
515,Henry Morris,henry7911@mail.com,r%g1Lzx
516,Brian Brown,brian7623@test.com,I@1Ipk
517,Joanna Jones,joanna3686@outlook.com,password
518,Jeffrey Jennings,jeffrey3572@company.com,)3+w8X3NLFI6
519,Teresa House,teresa1671@gmail.com,!EIphaUu!0
520,Frank Patton,frank1704@mail.com,B7Jdz^qz^
521,Dr. Ana Smith DDS,dr.462@yahoo.com,9U86FLgs)
522,Donna Moore,donna3091@yahoo.com,_n95vP!eS_
523,Larry Crosby,larry3116@mail.com,#UH4Xg
524,Maria Hebert,maria7332@gmail.com,password
525,Leslie Riggs,leslie8522@gmail.com,S%dYVmTLI34
526,Emily Jimenez,emily527@outlook.com,Z_6WDcq
527,Miss Kathleen Chavez,miss4466@yahoo.com,$9Fahw
528,AMANDA BAKER,amanda5137@outlook.com,_3jV!o
529,Mark Elliott,mark4840@test.com,%gzUDh6m2J
530,Rebecca Robinson,rebecca3545 @ company.com,O)YLTLn78f8
531,Thomas Weber,thomas461@test.com,(P#1Hch
532,toni smith,toni6331@outlook.com,)9m0Hp
533,Joanna Valdez,joanna6031@company.com,@5pmcTfi^
534,Jay Dickerson,jay4069@mail.com,$FsRgQOAGi2Y
535,tina matthews,tina2976@test.com,m%7&ASMl
536,Alyssa Wood,alyssa4468@mail.com,_5F4_Q2g
537,Allison Mclaughlin,allison9389@mail.com,_#^1)Lik
538,Vincent Henry,vincent539@yahoo.com,*%1&8MdrBc
539,JULIE GILL,julie7924 @ company.com,
540,William Collins,william255 @ mail.com,%&%7xBTj
541,David Mcbride,david2688@yahoo.com,(51$tkLl(GPM
542,Robert Bradford,,^N%1oBVm13c
543,JOHNATHAN TURNER,johnathan4449@outlook.com,@i@99Y4a&U
544,Jeffrey Swanson,jeffrey128@gmail.com,^4hAal
545,David Duncan,david6001@company.com,&r3LCLc
546,Richard Todd,richard7593@test.com,I^$g9Hl9Q
547,Angela Hardy,angela2703@yahoo.com,z*G7ufrKoYh
548,ms. loretta flores,ms.4215@yahoo.com,2$6nPd
549,Jose Griffin,jose4437@gmail.com,B^_9Zn^!
,Gerald Guerra,gerald324@test.com,X5L$XNh+*
551,Brenda Pearson,brenda6719@yahoo.com,+7FKwap
552,Olivia Palmer,olivia945@yahoo.com,%3JtBE
553,James Hatfield,james7502@test.com,(&j^S2SfB24
554,CASEY CHEN,casey5255@company.com,bj!pf2Dn^
555,Suzanne Castillo,suzanne844@test.com,1U7!WtV^$
556,Joseph Andrews,joseph1408@test.com,Xtt)09YgO
557,Ricky Price,ricky4497@gmail.com,kMsgM3so5*9A
558,Joseph Sanders,joseph2724@mail.com,fZXc7CfyHl_)
559,James Hamilton,james5034@gmail.com,e%n0FdaB2f2
560,Gary Boyd,gary9442@test.com,$w+YLBAx4v
561,Tyler Miller,tyler4484@mail.com,E95jsHaxD##
562,Stephanie Davis,stephanie3674@outlook.com,G^x21Roxo
563,Eric Lee,eric9379@mail.com,&9XAh2Ji&
564,William Hernandez,william4098@mail.com,^_3(Gbfa7Q
565,Amy Murphy,amy9925@yahoo.com,!1x&wDmb
566,Charles Martinez,charles2764@company.com,_1FlJoe
567,Margaret Sanchez,margaret567@gmail.com,
568,Michael Fernandez,michael1534@outlook.com,d1PfLE0a#
569,Natalie Carpenter,natalie3233 @ gmail.com,)2WlAq
570,Kari Lewis,kari216@company.com,#+XpJs*sK0
571,bethany murillo,bethany4208@company.com,6iqv&3QyYS
572,Corey Perez,corey6225@mail.com,F24ibHwtA^
573,Anthony Whitney,anthony3755@yahoo.com,#3aAW2v
574,Angela Smith DDS,angela1314@yahoo.com,@qm@ZJnuh8+#
575,Christopher Johnson,christopher6064 @ test.com,4*m5Ici
576,BILLY LEE,billy3428@gmail.com,^+4MsSj
577,Kayla Walker,kayla6332@yahoo.com,%e+ML@Of2J+
578,Brandon Ritter,brandon6949@test.com,dU#38KRteM
579,Amanda Martin,amanda2927 @ yahoo.com,#0JqqT
580,Carolyn Tyler,carolyn9620@gmail.com,AL%4$3Eu
581,Mr. Patrick Rodriguez MD,mr.9176@company.com,g^27Ce
582,Lisa Campbell,lisa424@company.com,(s8Bvz7
583,Ashley Myers,ashley7129@yahoo.com,_44$VSl&j
584,Andrew Lopez,andrew2877@yahoo.com,!H0PLTn
585,Patricia Frank,patricia217@yahoo.com,@2Q)Faer3f
586,philip myers,philip3711@test.com,(WyKXrx39A
587,Alvin Dixon,alvin5110@mail.com,9)4cs1Bof
588,Carrie Serrano,carrie4374@test.com,T&6Vie
589,Jill Reid,jill4776@company.com,@+H5PDdB
590,Rodney Good,rodney641@mail.com,@6LLBwY1
591,Elizabeth Martin,elizabeth2958@company.com,$hp9Fn1l
592,Kyle Martinez,kyle9154 @ mail.com,#NAME?
593,Jessica Reed,jessica4483@mail.com,v!a2zYcz
594,Jasmine Oliver,jasmine3286@test.com,5$2iCpta*S
595,Isabel Wilson,isabel5842@company.com,r2AR+((J_B
596,Elizabeth Hanson,elizabeth3465@gmail.com,&3*O&f
597,Sarah Barrera,sarah2599@gmail.com,Y^)7Gb
598,Jacob Booth,jacob5824@yahoo.com,_f3PHKf+O!
599,Paul Russell,paul1372@company.com,123456
600,Holly Gallegos,holly4334@yahoo.com,V4yjBEwb*6
601,Catherine Martinez,catherine3921@yahoo.com,@35ORdc
602,Kimberly Smith,kimberly2476@gmail.com,^1rOb6y!Wq+
603,Patricia Phillips,patricia7591@yahoo.com,6iK)ynli_S
604,Lauren Baird,lauren9780@gmail.com,&M^4lGgt
605,Michael Ortiz,michael2897@mail.com,Mz(^0Ov
606,Stephanie Young,stephanie3757@outlook.com,&_D5T#PyX
607,Steve Davis,steve8566@gmail.com,*AVNLBlP0dn
608,Daniel Everett,daniel5468@company.com,fVv!a3Lg
609,Kevin Hawkins,kevin7065@yahoo.com,^6kBh*4X
610,Patrick Weeks Jr.,patrick9388@test.com,vV&$1JEq%
611,Travis Martinez,travis5622@company.com,(8(kDUqi
612,Dawn Vincent,dawn7304@company.com,Q)1DDo
613,Cathy Jones,cathy4603@yahoo.com,0+1Ayu
614,Jenna Smith,jenna1836@yahoo.com,i)^b9Fi
615,Michael Flores,michael4775@outlook.com,_9WDDu(
616,Mr. Nathaniel Adkins,mr.9612 @ test.com,&8LnUD2
617,Roy Jones,roy3287@mail.com,sEjb$5Kw7#
618,Jeremy Sanchez,jeremy1325@yahoo.com,)C9QXjwa
619,Maria Medina,maria4472@gmail.com,(y4U(m
620,Lisa Mullen,lisa6730@outlook.com,G(B7V^Gu
621,Dr. Kimberly Mccarthy DDS,dr.2062@test.com,vEk7Qh2J_jO
622,William Byrd,william2427@outlook.com,&M83Hc
623,Katherine Miller,katherine2639@mail.com,61s2@VLl&yP
624,Mr. James Levy DDS,mr.9437@test.com,!y8h9EqzK4D
625,Philip Allen,philip3943@mail.com,H^43UwDe
626,Christopher Mullen,christopher9605@gmail.com,&3THgh
627,JORDAN ACOSTA,jordan9099@yahoo.com,$h2JYe
628,Jessica Adams MD,jessica517@test.com,%5xW)SUc
629,Tony Rogers,tony2334@yahoo.com,K@d8YH$d+a3
630,Christopher Owens,christopher1112@mail.com,W+8WKt
631,James Webb,james6541@mail.com,&!5X+o
632,Denise Eaton,denise2686@company.com,07c9O!zm&Z
633,Kimberly Hawkins,kimberly1331@outlook.com,u6H3YNGh^P
634,Elizabeth Andrews,elizabeth1100@mail.com,$0J2e+
635,Connor Fry MD,connor6069@outlook.com,8(9Gh8
636,Louis Forbes,louis7856@test.com,+1FrJZ
637,Melissa Dawson,melissa2903@outlook.com,S2A%PQ7W!yN$
638,Sonia Hansen,sonia4056@mail.com,bJ_!2JIc
639,Christopher Lawrence,christopher3733@gmail.com,&98Yrk
640,jason bartlett,,(7RWm8GdTsX$
641,Matthew Williams,matthew545@gmail.com,W$k1JKCc@
642,juan todd,juan5571@company.com,@39pW5vlx8J
643,Brian Chen,brian5845@test.com,&H2Ylo
644,Angela Hernandez,angela1952@mail.com,%yL6C3Fwv
645,Sarah Wilson,sarah3265@mail.com,2xMG7zhg#
646,Kristen Chavez,kristen8169@gmail.com,s&9@uLtfB
,Kevin Davis,kevin250@gmail.com,+52T%w
648,Stephanie Garcia,stephanie9939@company.com,@*9EEM1vM
649,sean curtis,sean7023@company.com,&93Quu
650,Lisa Hanna,lisa3114@outlook.com,i_a63yHv3xu^
651,Erica Stuart,erica5897 @ outlook.com,_PjI5BNdpBQ6
652,Scott Porter,scott218@yahoo.com,yL#9AMdpQE
653,Martin Reese,martin63@outlook.com,+8RkyYwD2MI
654,Amanda Barrett,amanda9466@outlook.com,!04WCe
,Ruben Fuller,ruben598@gmail.com,352d8W!e*jS
656,Stefanie Martin,stefanie4551@outlook.com,oD%Q7F+m^x7
657,Veronica Love,veronica343@mail.com,_61S+lvI
658,Logan Savage,logan11@outlook.com,*w46Wl
659,Julie Baker,julie5186@test.com,&l7n2TYc0
660,Pam Cunningham,pam6999@gmail.com,h_1lHBfpY
661,David Wilson,david9424@test.com,)9Odgm
662,Teresa Strong,teresa586@test.com,$5MBqF
663,Shelly Patel,shelly3733@gmail.com,#66LBme
664,nicole cruz,nicole4889 @ outlook.com,4REUa(jE@
665,Charles Ho Jr.,charles3326@outlook.com,+3L&toubL
666,Robert Cummings,robert4451@company.com,mw0fYcXGD@
667,Jacob Crane,jacob4920@outlook.com,P@SZMHnu^1hI
668,Brian Mcdonald,brian2482@company.com,wH)9ZeJTXk2
669,Mercedes Conrad,mercedes3715@test.com,7h*g6Tvt
670,Darrell Dean,darrell1911@mail.com,q%*3Rk
671,Patrick Saunders,patrick2338@test.com,41yI3raH_tl
672,Christopher Lewis,christopher166@test.com,h$49UKTf
673,Sean Li,sean3129@mail.com,@+MOxE_*6
674,patrick holland,patrick7418@gmail.com,T^#kDSPpzFs2
675,Joshua Torres,joshua1394@company.com,(+66YnG
676,Monica Gonzales,monica2859@test.com,+3He2Pd
677,Christopher Wolf,christopher9535@test.com,(1mRax
678,Matthew Hoffman,matthew9443@mail.com,%!4%PkwT7k
679,robert rodriguez,robert6916@yahoo.com,&SrSin7yZ7
680,Zachary Wilson,zachary5353 @ outlook.com,)x*0W*gt
681,Gail Davenport,gail1055@gmail.com,!4NdeC4
682,William Jimenez,william8779@mail.com,)9mRdjdS2
683,Dennis Watson,dennis4256@mail.com,$U6Dv6
684,Pedro Becker,pedro688@company.com,_zD%7trOI1
685,Sandra Davis,sandra428@gmail.com,&BSj1lkHk1
686,Erica Smith,erica9543@test.com,k^+79Yk
687,Teresa Horne MD,teresa8489@outlook.com,f66_EqMsn_S
688,emily king,emily983@company.com,
689,,,&3o$rEj
690,Patricia Stevens,patricia6450@mail.com,&7ZZyj
691,Judy Griffin,judy6686@yahoo.com,^6cJ8rj
692,Kirsten Terry,kirsten3023@yahoo.com,o3PA*wql!sm8
693,Thomas Black,thomas6166@outlook.com,7306$RdAQ!88
694,Anthony Cooper,anthony7738@company.com,V@5T1z
695,Danny Cunningham,danny9843@test.com,H$0XMWk$u+
696,Natalie Young,natalie629@outlook.com,O6OTgvvy&6
697,Megan Williams,megan3850@company.com,CH_8IfUh1J
698,Emily Thompson,emily8158@yahoo.com,^@9YzR
699,Michelle Martin,michelle1568@yahoo.com,O*7Fpd
700,Pamela Ingram,pamela9014@test.com,#NAME?
701,Ryan Hill,ryan3082@gmail.com,N+4MnQ
702,Chelsea Choi,chelsea5140@company.com,%_IWPc$mB4
703,Benjamin Jennings,benjamin5314@outlook.com,$FRvcUg*p9
704,MATTHEW HILL,matthew2378@yahoo.com,xD^#2TiL@46
705,Lawrence Harvey,lawrence6591@company.com,*OT&YhIws14*
706,Cynthia Roth,cynthia167@yahoo.com,^7Kvf9e
707,darryl moore,darryl8230@test.com,LT8EEKdd^
708,Linda Lewis,linda4629@yahoo.com,V+^$1I5pE
709,sarah kent,sarah8485@outlook.com,P^6C9a
710,Larry Hayes,larry6646@test.com,5u0xO!tq*J
711,John Perry,john8309@mail.com,3XE7JicE%u
712,BRIANA DUKE,briana9722@mail.com,s$5XbVaL
713,Brian Graves,brian5874@mail.com,*(*1fWm
714,Barbara Baker,barbara5141@yahoo.com,#r5LYtr6
715,Robert Taylor,robert6162@outlook.com,(i9PGqmT
716,Mary Davis,mary8460@company.com,$fiNYN8qr5
717,Charles Wood,charles4705@yahoo.com,)*J1V@o_h
718,Brandon Morris,brandon8475@gmail.com,!X$*0Ftm
719,Amanda Daniel MD,amanda6768@mail.com,Y24fHQTh@n7
720,Pedro Ray,pedro3087@test.com,Cj&7Qnfmw
721,Barbara Sandoval PhD,barbara8996@yahoo.com,#&JaDj5jjei9
722,Kayla Chase,kayla9401@test.com,L&%Q7Qj
723,Penny Black,penny3136@test.com,)(U6APk22l4
724,Robert Zamora,robert1030@company.com,#ph#15Zs*R
725,Veronica Baker,,#NAME?
726,Jonathan Hensley,jonathan4123@outlook.com,w+2UrZno
727,Anna Crosby,anna1025@test.com,Fo^3gDt12*F
728,Bruce Lopez,bruce7264@yahoo.com,!A4BIQVitgOG
729,Derrick Collier,derrick9774@gmail.com,@S5W6sM
730,Gabriela Mckinney,gabriela1994@gmail.com,#+h2GTs
731,tiffany mullen,tiffany1198@company.com,+8XW7WT@p)
732,Shannon Mills,shannon8679@mail.com,U$J9Uz+qSo#p
733,Patricia Nelson,patricia8021@gmail.com,*9PmMiOc8
734,Pamela Palmer,pamela1019@yahoo.com,+5ZI%AlbOC)p
735,Jeremy Ruiz,jeremy2048@mail.com,^V@6SlN0Q&R
736,Robin Barnes,robin5006@test.com,password
737,Gary Davis,gary8171@outlook.com,#NAME?
738,Jennifer Tucker,jennifer4291@test.com,5QA0MgzE$Yul
739,Brandon Hernandez,brandon8594@mail.com,aOMrGNuN*9VR
740,Kendra Cox,kendra4466@test.com,)wt4E@mp
741,,,*pKooIu_r5)
742,Justin Peters,justin7476@mail.com,gp3PeL0cG$
743,Sheryl Guerrero,sheryl4902@company.com,!4D@A$vs&
744,Lauren Collins,lauren9350@company.com,*^7X4*7v
745,Andrea Smith,andrea114@yahoo.com,#ix6kwdade!K
746,Levi Stevenson,levi2122@test.com,o0LotDax!
747,Chloe Mason,chloe357@outlook.com,&4Bfnf
748,Dean Montes,dean2267@test.com,6)HcKUVP(v
749,Ryan Johnson,ryan8472 @ company.com,j+)1EWh
750,Joseph Wilson,joseph1722@yahoo.com,%2RtF*m
751,Ashley Morales,ashley5945@gmail.com,
752,Kristy Burgess,kristy9496@gmail.com,l&3SJu
753,Nicole Sanchez,nicole6482@company.com,&5D9Tz
754,John Webster,john5564@company.com,Ci6T+nvu!9G1
755,Jessica Craig,jessica5428@mail.com,!4xaUtBa
756,Steven Chavez,steven9388@yahoo.com,!5AANDKoqS&
757,Dawn Martinez,dawn4033@yahoo.com,eL%2MEppE!*P
758,Brendan Taylor,brendan7259 @ test.com,06dpL&l%$
759,Laura Jones,laura6242@company.com,#w0sVuh582q
760,Dawn Stone,dawn1680@test.com,g^F9JnpHJR3w
761,Anthony Gallegos,anthony695@outlook.com,@Q2DTaS9#
762,Heidi Bond,heidi552@test.com,$%7@OIUl
763,Bryan Gilmore,bryan4141@outlook.com,^F@w51CtHs
764,Amy Cox,amy5293@mail.com,##o3_Tt
765,Pamela Graves,pamela2699@company.com,^84Q*b3&r
766,Kelly Hill,kelly2485 @ test.com,(_8VIjKfX8j4
767,Marcus Stewart,marcus8863@test.com,(u31Rfr
768,David Blake,david5719@company.com,+4MJ!gRu
769,Rodney Hanson,rodney3806@company.com,+5tQMt+m8
770,,,_3Z(XEhU9
771,James Martin,james1083@yahoo.com,%6w3QwB
772,Lindsey Hawkins,lindsey9953@company.com,%6kVP8pG
773,Michael Jackson,michael8294@test.com,_5XhObpe+*q3
774,Ray Munoz,ray1721@outlook.com,_A2xCn@
775,Victoria Allen,victoria8137@outlook.com,*7wR1#Ka92
776,Tanner Atkinson,tanner7647@gmail.com,PO%5HiOe(eS^
777,Jeanette Hall,jeanette3428 @ gmail.com,!(5GuUa
778,Jeffrey Johnson,jeffrey852@outlook.com,%5AB3a!(2n
779,Renee Rogers,renee4432@yahoo.com,B0BqkemV^
780,nathan walker,nathan5612@mail.com,w10mWnNz1%+4
781,Shawna Johnson,shawna1794@company.com,L)dc9pMc
,Darlene Pace,darlene7306@company.com,@Mfc5Wgyu
783,Mary Leonard,mary4133@outlook.com,(5dEFp
784,Alexis Ramirez,alexis8997@company.com,eB7I1CeG%
785,Nicole Mack,nicole6157@company.com,_&G$Z*2uT2MD
786,taylor nichols,taylor5985@yahoo.com,*C9Mi6hA
787,Brenda Mccarthy,brenda7295 @ yahoo.com,t(4KVSj
788,Michael Moore,michael5458@outlook.com,$0AH_zva
789,Alexis Mendez,alexis9875@mail.com,_+i_Nle)12T
790,Brent Ho,brent1029@gmail.com,_*n8hNt
791,tammy murphy,tammy5628@mail.com,w3HaH%UgS+r
792,,,_4DHzsv
793,Jessica Gill,jessica8923@gmail.com,%8&V1Kuo7A
794,Michael Scott,michael3559 @ outlook.com,w_ov33P_!sq
795,Jordan Smith,jordan5238@gmail.com,!Ug7JrO
796,Jeffery Rodriguez,jeffery3146@company.com,^34Sn+z
797,Lori Castro,lori775@company.com,!7rYhW
798,Alicia Mejia,alicia6983 @ gmail.com,P^K5eZ*evp3
799,Nicholas Adams,nicholas952@mail.com,*TAWmcq(1
800,Michael Haynes,michael9688@gmail.com,6UtDz(n*)5
801,Doris Leon,doris3373@company.com,(89*Oyq
802,Ryan Lewis,ryan9190@yahoo.com,4S8Vzj2OV%
803,MEGAN CISNEROS,megan7002@company.com,c04JLhXo%
804,Gregory Oconnor,gregory7766@gmail.com,^^4Rof
805,Zachary Bates,zachary7195@company.com,%(c2WPcUK
806,cynthia bullock,cynthia4399@test.com,@+w5Aa
807,,,L+hZp_AkF88w
808,CHRISTINE GUTIERREZ,christine7029@yahoo.com,#h(6BrG
809,Edward Stevenson,edward1552@test.com,t&j5qQPa4
810,Andre Quinn,andre9263@outlook.com,he!7ePJd
811,Michael Rodriguez,michael4262@gmail.com,#46Try
812,Cody Taylor,cody994@test.com,A8XsHWV1+eH
813,Karen Ramirez,karen1024@yahoo.com,%9XHp%+
814,Yesenia Tucker,yesenia5091@gmail.com,e+qHO0@q@p1K
815,Brian Oliver,brian1536@outlook.com,pKz8N@Nk!
816,Isaiah Smith,isaiah6341@company.com,@5URyJ(E
817,Ashley Adams,ashley2553@test.com,I(X4F1Ll
818,Timothy Lopez,timothy8642@company.com,(rSUkEn&*8B
819,Tammy Santana,tammy129@company.com,_Nd7sZ7bus8
820,jason hendrix,jason9826@yahoo.com,^9Ttar
821,Anita Hernandez,anita8569@mail.com,kiq(XA4h!7
822,Morgan Berg,morgan173@outlook.com,(7kFbh+
823,Glenn Hanson,glenn7672@company.com,)r4aYev
824,Gabriel Burns,gabriel5788@yahoo.com,^5q1RsxE4EQ
825,Kathy Brown,kathy6480@test.com,^K8BRsc
826,Joseph West,joseph9384 @ test.com,*94nC&c6
827,Brittany Thomas,brittany6813 @ test.com,%5CVlx!$%
828,Sara Brown,sara4913@test.com,!v6GFZNJt18
829,Tamara Walters,tamara2163@mail.com,_W1ErlFp
830,Elaine Bishop,elaine2571@yahoo.com,jn$0Ynt58
831,John Bennett,john6443@mail.com,E2RAChKx@8E
832,Laura Fields,laura2324@yahoo.com,0L00Nwhca@%C
833,Mrs. Brittany Miller DDS,mrs.899@gmail.com,+^vi2Sz
834,Natalie Ortiz,natalie4422@yahoo.com,z+(n6ZLd)X
835,Micheal Campbell,micheal8658@mail.com,d+U01zFf&J0$
836,James Chavez,james5925@gmail.com,)170O7i
837,William Wallace,william6725@gmail.com,X_f2Zmsp
838,Terri Buck,terri8578@yahoo.com,u&Z8X!z
839,Crystal Montgomery,crystal10@test.com,2(3CVw
840,Scott Silva,scott3951@yahoo.com,(+&2Dj
841,Matthew Quinn,matthew7495@test.com,(59AlvJt2t1
842,,,__%MbZf%r8e
843,Jeremy Kane,jeremy4037@gmail.com,@990Qf
844,Samantha Reynolds DVM,samantha6348@test.com,12K2!fTk^
845,Joshua Munoz,joshua2872@company.com,&*$6HEb
846,Mary Waters,mary5990@yahoo.com,^7_41Rs
847,Kelly Lopez,kelly2532@mail.com,*77Yjm
848,Kevin Watkins,kevin2812@yahoo.com,!k39Sos*fTm
849,Allen Banks,allen8716@yahoo.com,#R4Mbv
850,Michael Schneider,michael3446 @ gmail.com,9(6V5t3e&xb
851,ashley turner,ashley5865@outlook.com,)eo2QClm*
852,Victor Vasquez,victor9675@gmail.com,v!6Jy$Qz
853,Melinda Young,melinda1775@gmail.com,^lvsjAta8FW
854,Mrs. Christina Rocha MD,mrs.8125@outlook.com,6JV+pDyl#$CC
855,Ronnie Foster,ronnie3509@mail.com,
856,,,_3o57GGe7x
857,Amanda Alvarez DDS,amanda690@test.com,&(bkZ1rk!9
858,Bradley Lynch,bradley2305@company.com,RZgL6Pn#_%
859,Michael Beck,michael750@test.com,)8(OysKq00e
860,Thomas Estes,thomas6889@company.com,n_e6O#lY
861,Jeremy Cortez,jeremy2088@outlook.com,^8SJu4xtukW
862,Joseph Norris,joseph3424@gmail.com,%6M@sj
863,Michael Joseph,michael6287@gmail.com,&P1Hjn4vmC
864,Gene Davis,gene4893@mail.com,*94IlC
865,Erica Lee,erica9361@test.com,!$9Jdd
866,Mark Elliott,mark6474@outlook.com,cA8iTxr3%4IL
867,Eric King,eric4012 @ test.com,U43KZLZp$
868,Rebecca Scott,rebecca4632@outlook.com,qg6&8i*cZ9UF
869,Samuel Solomon,samuel2702@mail.com,a)9XZeaQ
870,kathy taylor,kathy8411@company.com,981P*Vny(@
871,tanya bennett,tanya5460@company.com,
872,Samuel Thomas,samuel3527@company.com,$7BvAq6_&c57
873,Diana White,diana8769@yahoo.com,password
874,Robin Ortega,robin1444@mail.com,^8t4b(Zf!w7
875,Mrs. Allison Bryant,mrs.5808@test.com,+yqh8Mm%$ofY
876,Jerry Black,jerry4136@company.com,!8i@Tbe)7Oo
877,Kathleen Ford,kathleen8984@company.com,5TsfY#d1^
878,Roy House,roy1058@test.com,+0#7kEmSzUHj
879,Patricia Long,patricia8852@company.com,+4Ff9oCQ
880,Jacqueline Greene,jacqueline951@test.com,^5MrvpP^HX
881,Eric Ward,eric4755 @ mail.com,%f^6ADNu
882,Ricky Reed,ricky5015@test.com,*13tJyNJb
883,Jonathan Noble,jonathan9766@outlook.com,#Z6Plk
884,Pamela Torres,pamela7590@outlook.com,@Z6jQvCp2e
885,Ryan Yang,ryan7116@outlook.com,!9xHmG
886,karen garcia,karen8413@yahoo.com,!q2Yo+410)2K
887,Douglas Moore,douglas4932@mail.com,x^3IKl4g%
888,Felicia Berry,felicia5821@company.com,V(4L)eS_
889,,,@YQX8OmY%e
890,Victoria Baldwin,victoria9495@test.com,Uj^OTLp%)8C
891,shawn higgins,shawn8055 @ outlook.com,4#y@1Ogy
892,Destiny Wilkinson,destiny8094@yahoo.com,t)6KFcni
893,Jacob Bates,jacob9755@test.com,
894,Gabriel Beasley,gabriel1635@company.com,%1Eq1uQ
,ALAN CARR,alan7477@test.com,$22XwxXO
896,Kathleen Hughes,kathleen9586@test.com,)V7CQVf
897,Carrie Sloan,carrie7579@company.com,@P8kIu
898,Thomas Barnes,thomas7676@outlook.com,*1%x3Jy
899,douglas cook,douglas659@yahoo.com,^5ykGNCo
900,,,ft%W0Hno%
901,Lawrence Moore,lawrence4911@outlook.com,Ohc4YMce_s6
902,Ralph Duke MD,ralph6761@outlook.com,1IZ9Sh3t+
903,Nathan Davis,nathan5048@gmail.com,Uaz$TXlg7L_0
904,Robert Johnson,robert2188@test.com,5$b6YRChb
905,Caitlin Carter,caitlin9562@outlook.com,$u3HSHOp*0
906,Nichole Howard,nichole2540@gmail.com,ka60^_Ns)x
907,Edward Ryan,edward3827@mail.com,jG@3Jx
908,Nicholas Porter,nicholas7482@outlook.com,!L3VsanNkauS
909,Matthew Chen,matthew7914@company.com,KcN#44Ac^4^K
910,Jonathan Guzman,jonathan8578@yahoo.com,#6EG9i#g3
911,Travis Baldwin,travis6194@mail.com,sD^9DIr
912,Michael Gonzalez,michael4466@gmail.com,#NAME?
913,Melissa Larsen DVM,melissa7158@gmail.com,)5s@m7Ouq
914,Stephanie Brooks,stephanie1012@outlook.com,
915,Ryan Hale,ryan8304@outlook.com,)*y6WPm35#cE
916,Ryan Griffin,ryan7031 @ yahoo.com,T!_9F&Vl
917,Kelly Mitchell,kelly1967@test.com,k1Le+Kw!$_
918,Bruce Jones,bruce8724@test.com,&JSxWMe4X7
919,Tina Brown,tina7611@gmail.com,*#7KXPfVTD
920,Tricia Nelson,tricia113@gmail.com,a$N1Ca
921,James Douglas,james183@yahoo.com,password
922,Joel Deleon,joel4314@outlook.com,9#9PVVc
923,Ashley Lewis,ashley6028@gmail.com,KW$09Wdh)
924,Zachary Williams,zachary7843@yahoo.com,)9HL+dh
925,Rachel Goodman,rachel3631@gmail.com,hMb_3)txc+
926,Crystal Lambert,crystal8470@gmail.com,&7W#$*kc$*LE
927,Jason Williams,jason8814@gmail.com,%9)Lsi
928,Vincent Johnson,vincent4981@yahoo.com,@2#UIz
929,JESSICA RIDDLE,jessica8834@yahoo.com,$ft4Kdl1
930,Christopher Hahn,christopher500@yahoo.com,H^9xRq3!A6UJ
931,Brian Wilson,brian9551@yahoo.com,J4i*$SPx^E
932,jessica lewis,jessica607@outlook.com,G1_33AIk*
933,Kimberly Cole,kimberly8456@company.com,^3SIsb
934,Michelle Watson,michelle9286@company.com,x&66Kaq
935,Kimberly Torres,kimberly2318@yahoo.com,)4jUV%Lq664O
936,Jessica May,jessica3958@test.com,Gr&nI3Jh
937,Joseph Wilson,joseph3049@gmail.com,l&uk8Tc
938,Kevin Fernandez,kevin9743@gmail.com,+7Hmxz
939,Jacqueline Jones,jacqueline5544@outlook.com,)V7lZ1ypu
940,Ashley Pratt,ashley1685@outlook.com,81jSOjFs+zRR
941,Michael Young,michael5151@test.com,&4DkmG
942,Joan Mccoy,joan6119@test.com,5nZ#%o+u*
943,Diane Kennedy,diane7465@company.com,%p7BoP
944,Mark Gates,mark3701@test.com,3K(#28Fr
945,Peggy Taylor,peggy4962@outlook.com,3BB+TT)x+
946,christy parker,christy9386@outlook.com,password
947,Anthony Gillespie,anthony7366@outlook.com,&J4IOz
948,Alexander Foley,alexander9886@yahoo.com,5Li%&8Oe
949,Jennifer Horton,jennifer8006@mail.com,_6ZIeJ$
950,Richard Aguirre,richard212@yahoo.com,m(1IOWzJ_
951,Jason Williamson,,D_8EAcmz
952,Logan Weaver,logan878@outlook.com,_$P8thf%Y53
953,,,&r968GZwx
954,Christopher Howell,christopher357@mail.com,5F5OANPlF(
955,Kathleen Henderson,kathleen642@test.com,)2LpS2L3%L#
956,Teresa Kaufman,teresa9039@outlook.com,*0ZfKe
957,victoria campbell,victoria6557@company.com,gvllAuQ)(6p
958,ANN DIAZ,ann8511@outlook.com,o$1ewLgh#^
959,Brandon Robinson,brandon3583@mail.com,*6!23i)rIWo
960,James Hall,james9686@outlook.com,zQS5CmCkrK_%
961,Erica Page,erica6036@gmail.com,)3X(g6
962,Emily Williams,emily5582@gmail.com,T!2Swu
963,mark carpenter,mark7898@mail.com,@9kYcB8iw&z5
964,Mrs. Zoe Parker MD,mrs.2738@test.com,(LJIQDuSW2+
965,Danielle Smith MD,danielle7464@outlook.com,V#NmY0Wx+0
966,Sheila Howard,sheila8070@gmail.com,
967,Vincent Herman,vincent7888@mail.com,K#J5Mt
968,Shawn Knight,,a*p1H63pXAl8
969,Tammy Cook,tammy8237@gmail.com,#9AEaVm7A6
970,Carrie Perry,carrie7810@yahoo.com,@w)1Q@g
971,Julie Osborne,julie3095@yahoo.com,!2XrqO
972,Caitlin Jones,caitlin5419@company.com,+c@BGhn%gd2
973,Ray Hall,ray9091@test.com,x#CeimvOD^7%
974,Connie Diaz,connie144@gmail.com,5u9&qCSr%
975,stephanie vaughn,stephanie6630@test.com,$4N!t#
976,John Turner,john6085@outlook.com,@128wgT2Wt4W
977,Dr. Barbara Oconnor,dr.597@test.com,_w1lCov3c^L
978,Briana Brown,briana648@test.com,x0mmQ_j8(yy
979,Bryan Deleon,bryan9682@gmail.com,b^1@3Sro
980,Patrick Murillo,patrick3283@yahoo.com,9(2W4PWk
981,Steven Phillips,steven9164@company.com,k_b$rQgRmB8O
982,Phyllis Neal,phyllis6344@gmail.com,W#O2Bn
983,Karen Howard,karen2302@yahoo.com,@g6gJBsU0ssK
984,Abigail Jones,abigail480@yahoo.com,l_9%Neu
985,Erin Campbell,erin7131@outlook.com,+k(c%6Eb)D)
986,Susan Ryan,susan5640@outlook.com,!5POuw
987,kevin hobbs,kevin2161@gmail.com,e!JZ1X$p
988,Larry Molina,larry2163@outlook.com,#Vjm2Gti
989,Tiffany Mckenzie,tiffany918@yahoo.com,Hl!1Ppq
990,Larry Freeman,larry7273 @ test.com,%99DNadme
991,Megan Bruce,megan2820@gmail.com,&5MXKk#Dp
992,timothy davis,timothy6216@outlook.com,7a9Pr%zYC$7J
993,Amy Hart,amy7419@outlook.com,w6H09(ZI)oIZ
994,Christine Jensen,christine1680@gmail.com,)50DBOo
995,brandon morrison,brandon8085@gmail.com,*6pXNmS__i
996,Melissa Guzman,melissa247 @ company.com,)ZWJ2fcGrf1
997,David Mendez,david1083 @ company.com,0!rq5Gm8mX
998,Erik Morgan,erik6277@gmail.com,Z_3Gaj(8Y#
999,teresa charles,teresa8175@yahoo.com,&0J@ad8EGfB)
1000,Maureen Stone,maureen2301@company.com,*4HhmV
1001,Mary Dorsey,mary6806@test.com,#9NxV7+l
1002,Kyle Williams,kyle9070@mail.com,x&2sWSnf
1003,Jill Carter,jill3790@gmail.com,G2TGueoH!O^d
1004,Aimee Hayes,aimee1209@test.com,c9uSHqN!(5U
1005,Veronica Kim,veronica4607@company.com,i_C4J78zA^
1006,Todd Lopez,todd4930@yahoo.com,sfL3_LXq@j7T
1007,Vanessa Gomez,vanessa7048@mail.com,i8lL)zK2)y&2
1008,Rebecca Allison,rebecca9064@mail.com,)W2BhO8s65
1009,Tiffany Marshall,tiffany8730@test.com,E8QTFPLm$Ts
1010,William Rivera,william7136@yahoo.com,%1PK@tw5E@
1011,RANDALL ORR,randall9470@outlook.com,R&7E2Bg$(
1012,Joseph Watson,joseph9186@mail.com,1$L5Pd
1013,Brett Mosley,brett9243@yahoo.com,s*)^SXec^7d
1014,,,_86b+Pdzt
1015,Benjamin Cantrell,benjamin6450@test.com,&(2^!XsYF
1016,Sean Thompson,sean4768@yahoo.com,@%dV8Vj1@
1017,Mike Delgado,,H*O9KkAXt&
1018,Ruth Smith,ruth3486@mail.com,h%5Odbu
1019,Terri Jackson,terri1146@outlook.com,E%O$6fwu2A0d
1020,Chad Pearson,chad7403@test.com,&$Vp3A4d
1021,Matthew Kirk,matthew1962@gmail.com,@V2!S)h8u3x
1022,Brett Elliott,brett191@mail.com,@8HLlcmy
1023,Renee Callahan,renee7760@gmail.com,*4jBeVt_U
1024,Michael Evans,michael501@mail.com,b!5UkF
1025,Steven Guerra,steven8381@gmail.com,
1026,Andrew Brown,andrew3972@gmail.com,@6V4_C2s
1027,Lisa Webb,lisa2354@yahoo.com,m+3Zm*XkS
1028,James Smith,james367@outlook.com,ni!95$Ev
1029,Cassie Fleming,cassie1911@test.com,w&5X2tf
1030,Derrick Flores,derrick4164@company.com,*15+Pkj&4
1031,Julie Mendoza,julie4995@gmail.com,kj0bJvG*_bun
1032,Mr. Nicholas Castro,mr.3677@outlook.com,!6V^dR0
1033,Danielle Jones,danielle4728@mail.com,c&L9SXflM9
1034,Andrea Campbell,andrea1643@test.com,&p1bSv5
1035,Jodi Romero,jodi4714@gmail.com,+6BhsE
1036,Paul Davidson,paul1440@outlook.com,j)@5Hm
1037,jacob evans,jacob5353@mail.com,*ybMt$Q)X8X
1038,John Brady,john5320@outlook.com,+5ktP(Vdf
1039,Olivia Lopez,olivia1600@mail.com,(6XbJxN
1040,Richard Clark,richard6506@mail.com,s)1VxK
1041,Christine Pratt MD,christine9414@company.com,Cd#8Qyx
1042,Michelle Nash,michelle1675@outlook.com,#J8j3CVo%
1043,,,2!57*WuJjFX
1044,ALEXANDER PHILLIPS,alexander4112@gmail.com,Z8RLoB89$B2
1045,Alexander Guzman,alexander4841@company.com,5Y#FlTcI)3
1046,Tim Davis,tim3807@outlook.com,_5Y76Wg$+
1047,Henry Harrison,henry3590@outlook.com,#S6e*Xt7K
1048,Melissa Williams,melissa3961@outlook.com,8y(cKPx9*P13
1049,Mike Rice,,i&&S3Sa9TuC
1050,meghan mendoza,meghan578@mail.com,ZG#4nZpMab5
1051,Darren Dominguez,darren683@company.com,6T*7YPqE
1052,Tara Mcclure,tara2966@outlook.com,W!BZ1+wG#@8
1053,Charles Watts,charles5598@test.com,D+Y5I)s
1054,Allison Benitez,allison9526 @ gmail.com,Gen9%3LO+0
1055,Stephen Mayer,stephen1171@outlook.com,_5pTfB+y
1056,Deborah Young,deborah8283@company.com,t%@0JJcxB
1057,Steven Vega,steven2752@company.com,R&B9UQfi98
1058,Samantha Elliott,samantha9565 @ test.com,7(34Xe3
1059,Dr. James Bell MD,dr.5706@test.com,s&9aPp
1060,Kara Russell,kara7191@mail.com,fXQ)6Tmf@
1061,Jessica Pruitt,jessica7219@mail.com,I1PLvO)E*80
1062,Anne Cook,anne2054@company.com,*gZszIGS(9H
1063,Curtis Martinez,curtis82@gmail.com,!lk2tHUc5&
1064,Carrie Sanchez,carrie7637@company.com,$4wJDg_w#S@E
1065,Nicole Franklin,nicole7023@outlook.com,_T4FlZd*)4K
1066,Patricia Anderson,patricia1162@yahoo.com,r5B2%7Zq
1067,Christopher Young,christopher4610@gmail.com,Z!5M3EZfs
1068,joseph miles,joseph3529 @ test.com,Fr8(00MgBKx*
1069,Julie King,julie1189@mail.com,P1zBz)Tv_Y
1070,Mary Bryan,mary8696@company.com,+0GdbiV
1071,Alex Hamilton,alex5780@outlook.com,q@T$%(T7zn
1072,Allison Garcia,allison7755@test.com,(s+2Ywgk@m
1073,Whitney Rowe,whitney1295@gmail.com,PJ2Z+HZp#+@H
1074,christopher carter,christopher810@mail.com,r_jtxzOy_PJ1
1075,Drew Sexton,drew748@mail.com,y^7QJn
1076,Lisa Powers,lisa5815@yahoo.com,0vR)EGfD*)
1077,Andrew Green,andrew6611@mail.com,7&4Fnnt
1078,Wanda Estrada,wanda9586@mail.com,*2VFkl&BC
1079,Katie Frye,katie8726@mail.com,T*L3O1opKE
1080,,,s(r$3CGiK&1
1081,Shaun Watkins,shaun4855@test.com,wghQkhYt@0N
1082,Sara Moore,sara551@outlook.com,
1083,angelica ramirez,angelica6097@mail.com,x(2VHn8Nwl4
1084,Vanessa Vaughan,vanessa8325@yahoo.com,u@9Yq)B$Itp
1085,Nancy Lester,nancy2605@gmail.com,_9J5U!l
1086,Kyle Hart,kyle8900@mail.com,$5@K_(Qv
1087,Nicole Herrera,nicole1254@gmail.com,#NAME?
1088,Gary Lambert,gary2122@test.com,s^8lXv
1089,Martin Nixon,martin5380@test.com,P$5W0OMb
1090,Morgan Moore,morgan1858@mail.com,)kZ7$q#c(9S
1091,Jon Moran,jon591@mail.com,)2mYaw*ZYu4
1092,James Vaughan,james2060@gmail.com,M7Y&eo+*$
1093,William Bradshaw,william4358@company.com,Io2GIdJO_
1094,Shelby Wood,shelby1543@outlook.com,@auWJ8Ye
1095,Derek Jackson,derek4116@outlook.com,(m6IK8ls%9eq
1096,Melanie Bryant,melanie6711@mail.com,S&F9p6NeRr
1097,Jennifer Reeves,jennifer3265@company.com,8&gU3s1sq95
1098,Pamela King,pamela7733@yahoo.com,ojAm_wbR@7g
1099,Dennis Johnson,dennis9036@gmail.com,)OW1Cu$
1100,REBECCA GOLDEN,rebecca3799@test.com,4P_6kjTx
1101,DR. AMY SEXTON MD,dr.909@outlook.com,s&0S)kAa%
1102,Sharon Mendoza,sharon8318@test.com,)9GZplgz
1103,Ronald Stone,ronald5844@yahoo.com,+2lSi%o
1104,Zachary Murphy,zachary8675 @ outlook.com,e0B)Hqrf#o)N
1105,Veronica Torres DDS,veronica6337@test.com,Z^8URoU
1106,Patricia Garcia,patricia2477@company.com,_0XjwPIQ
1107,Kelly Archer,kelly3240@company.com,p_9Cwk
1108,Laurie Miller,laurie7977 @ company.com,(5ZxrgN
1109,Gregory Henry,gregory3936@mail.com,C)5RFTquGF8
1110,William Rubio,william4524@mail.com,_v6!vKt
1111,Edward Hall,edward4121@test.com,y)7pQjeX
1112,Aaron Mckenzie,aaron2814@test.com,$#73Ge2n1
1113,Natalie Roman,natalie3853@test.com,*1Esie
1114,Mr. Henry Collier MD,mr.2518@test.com,#9h(Dy
1115,Chloe Noble,chloe4758@test.com,r^7Rx^l
1116,Gary Moran,gary9802@company.com,u65QVTv^g4u%
1117,Andrea Thompson,andrea9808@mail.com,Vh4R@xhZ$T3
,Christopher Oliver,christopher165@company.com,W7$Y9X)m
1119,Meghan Griffith,meghan1432@company.com,^o9zGj
1120,Elizabeth Harris,elizabeth9059@company.com,g3@Swgo#+
1121,,,iFW!^grdkb9Q
1122,Dustin Hughes,dustin741@yahoo.com,)Wy9Kw@y
1123,Christopher Smith,christopher4778@yahoo.com,#_%6XqXF1BV
1124,Richard Downs,richard732@test.com,p+3tqGNqyG
1125,Yvonne Freeman,yvonne4127@yahoo.com,Q+2Zsk
1126,Lauren Andrade,lauren7254@company.com,&9y8*Ve
1127,Chad Mueller,chad3756@gmail.com,@_0uTGSjBZ@
1128,Cory Suarez,cory8888@yahoo.com,&f6B&l
1129,Kerri Clayton,kerri8269@mail.com,*#58GewrYR
1130,Brian Blair,brian7710@outlook.com,*7XfK+yiO48
1131,Tonya Ross,tonya6790@mail.com,s6pxE5Lq%
1132,David Estes,david2919@outlook.com,%l00FenVs4
1133,Luis Daniel,luis4767@outlook.com,+6aJh%
1134,Traci Summers,traci2385@outlook.com,*0Y0@tYgb
1135,Nathaniel Stewart,nathaniel3785@mail.com,*2nj!*kr44E
1136,Blake Richardson,blake58@gmail.com,^z1Eo*1aoGn
1137,Kelly Stewart,kelly228@mail.com,%D%r3RuyO
1138,Anne Martin,anne6957@test.com,#n25Ylej^
1139,amanda rodriguez,amanda4206@gmail.com,+28Umyv
1140,Patricia Roberts,patricia7905@company.com,U^3OWUq
1141,matthew wallace,matthew6761@test.com,H$D6U*Xf
1142,Zoe Lawson,zoe7058@yahoo.com,3XT2akV9&1^
1143,Doris Morse,doris6191@mail.com,_34XSf
1144,Jonathan Chandler,jonathan6206@test.com,N&6gdwy7eS#
1145,Jessica Morales,jessica9389@yahoo.com,9(KFDs_G#^f
1146,Gary Thornton,gary4236@yahoo.com,(p@UG$Eqev18
1147,Kristi Greene,kristi4948@outlook.com,#30VUne
1148,Heidi Lindsey,heidi799@yahoo.com,&)F9_hsl74
1149,Casey Little,casey4181@company.com,_Ug6JIJo+
1150,Jason Miller,jason3414@yahoo.com,)02HkOt
1151,Joshua Abbott,joshua4793@yahoo.com,%jN$d3be4v
1152,John West,john9503 @ mail.com,*5wdNbTb
1153,Julie Powell,julie6710@company.com,%X8RCtf
1154,Ricardo Graham,ricardo8559@mail.com,J)g22ZWu
1155,Jennifer Dean,jennifer2883@company.com,$F#9n9CpK
1156,Kimberly King,kimberly3042@outlook.com,n31WZjdK%m
1157,Joseph Ibarra,joseph6200@test.com,p!2KmrO
1158,Karen Alexander,karen7777@yahoo.com,+)Ij33Ti&)
1159,,,YZ#KZutr)4d
1160,Tara Guerrero,tara8703@gmail.com,#x61Gj
,Laura Bryant,laura527@yahoo.com,P_)V8pGpD
1162,Angela Kelley,angela4411@yahoo.com,++9J3%XdG5+
1163,Sarah Shaw,sarah2669@yahoo.com,#R*9Qmpp
1164,Calvin Frederick,calvin9528@test.com,%Mp1CWQm%%
1165,Sara Bishop,sara9889@test.com,5@PVddav(qLN
1166,Megan Garcia,megan3579@yahoo.com,^46N(n
1167,Melissa Ward,melissa8224@gmail.com,Bv)9R^pgGve
1168,Lisa Trujillo,lisa2039@yahoo.com,#$iVV0TtE
1169,GLENN WOODS,glenn438@company.com,_j8D3zo
1170,Angela Smith,angela2216@outlook.com,%8&Pbo
1171,SUSAN CORTEZ,susan1178@test.com,&3$_Wm
1172,scott harper,scott807@test.com,#NAME?
1173,Margaret Torres,margaret1609@mail.com,i643rhNt_$M
1174,Mark Daniel,mark9764@yahoo.com,%Ci9E2bXC
1175,ALEXA CISNEROS,alexa7667@gmail.com,#04Rz#7z%N
1176,ANDREW HERNANDEZ,andrew1599@mail.com,+Qh!yhoi0(Mq
1177,Calvin Archer,calvin5406@yahoo.com,*n1ZH^nd
1178,Ronald Gibson,ronald3930@gmail.com,+6TMg(8%Bh!
1179,Andrew Evans,andrew7880@outlook.com,63%@GipK$KY
1180,HOLLY SHEPHERD,holly1329@mail.com,CE1i@GfO!
1181,David White,david2608 @ yahoo.com,#!s1QTUiN
1182,Martha Stephens,martha2460@yahoo.com,9G1JNh!_@(
1183,Stacy Washington,stacy5895@test.com,g+8XIi
1184,Jessica Clark,jessica7841@mail.com,f^5sRz
1185,Elizabeth Peterson,elizabeth7475@company.com,&!5UAMs
1186,Teresa Chapman,teresa3493@company.com,U(3Ha9p
1187,Brian Harris,brian6806@test.com,s(V44Apy8
1188,Shannon Whitaker,shannon4214@yahoo.com,^byo8T&340fW
1189,aaron wilkins,aaron5874@test.com,)k5BVg
1190,William Smith,,password
1191,Angela Woods,angela1422 @ yahoo.com,^j8HrfvK$uSA
1192,Frederick Green,frederick5773@gmail.com,*#Ne07Ib
1193,Jordan Robinson,jordan3495@outlook.com,SvG!Wtqd)1Y
1194,Johnny Gibson,johnny2505@test.com,y2OJi*MC(pc
1195,John Ramirez,john376@test.com,@m7Y!nW
1196,Ryan Michael,ryan9699@mail.com,%LR5RXxd
1197,Deborah Flynn,deborah5182@outlook.com,tup@95Sj
1198,Chad Warner,chad5338@company.com,C@1GKtd
1199,rachel collins,rachel2838@mail.com,3_OxP@*I!7eI
1200,Haley Morris,haley6207@test.com,_8lYk&
1201,Carlos Fry,carlos6152 @ mail.com,^0LEeAm
1202,David Ramirez,,F9GSst#j&v
1203,wendy craig,wendy3591@outlook.com,_7jQ2Dgt4)
1204,Tyler Garrett,tyler297@test.com,$490Tt@
1205,Denise Davis,denise1675@outlook.com,Y_u9CkIZs
1206,Peter Walsh,peter3819@outlook.com,^7Tah6P275J
1207,Melissa Gross,melissa9831@test.com,@8Y(WrFk5bB
1208,Judy Gonzales,judy4256@yahoo.com,)W1PUtg
1209,Zachary Keller,zachary6058@gmail.com,&8aWoP2e
1210,Jacob Young,jacob2775@test.com,@+o8Dr
1211,Elizabeth Goodwin,elizabeth3294@test.com,$00RYa
1212,Dawn Soto,dawn9289@company.com,Q25ATf%5+pJ
1213,elizabeth carney,elizabeth1712@mail.com,%8TPaUpw
1214,Michele Sharp,michele3328@test.com,5&14YSm&D
1215,sara moreno,sara6709@company.com,_2RqZaEr*Q
1216,Mariah Flynn,mariah2250@company.com,*x4HKzd
1217,Renee James,renee7252@gmail.com,5O)NiD6l_
1218,Sarah Martinez,sarah6261@company.com,j4#gD*hJ$)u
1219,Jose Marquez,jose7307@company.com,w^B4$ke%%1Z
1220,Victoria Higgins,victoria4273@gmail.com,ein2)J)b!
1221,Jacob Cannon,jacob5514@gmail.com,te*v68Jd
1222,Carrie Mccall,carrie1981@yahoo.com,*1LfLMTwyQ
1223,Sandra Jones,sandra9960@outlook.com,_)7eCNs
1224,Margaret Frey,margaret8299@yahoo.com,^0Q@tQ
1225,Donna Lee,donna4891@mail.com,@9H8Cjb
1226,Kenneth Thomas,kenneth9770@mail.com,*N6Y4p
1227,Edward Melton,edward7469@gmail.com,@+2XMq9
1228,Emily Hunter,,#8PM!ojc#)
1229,Michael Hall,michael1458@company.com,3&(IaIiy$5
1230,steven rodriguez,steven1868@gmail.com,#y2nOA1w(c
1231,Kimberly Morris,kimberly6567@yahoo.com,*9oCJ+Vcj
1232,Cody Hicks,cody9840@company.com,
1233,Michelle Adams,michelle5359@test.com,T5(A2MtRq
1234,Anthony Miller,anthony305@gmail.com,F&3VEj
1235,danielle watkins,danielle9348@test.com,S@51FYh
1236,Matthew Wagner,matthew5759@test.com,@7CNycO7a
1237,Miss Barbara Moore DVM,miss4824@yahoo.com,KH2MjcLU$mR@
1238,Richard Hall,richard4002@mail.com,@Jy4Wuck9H
1239,Debbie Delacruz,debbie8265@outlook.com,_8E+Ock
1240,Mrs. Isabella White,mrs.6039@outlook.com,@H7S&WDfskQZ
1241,,,123456
1242,Levi King,levi3297@mail.com,5QQxUDSs@O
1243,Sabrina Craig,sabrina1078@gmail.com,*#9PYpz
1244,Tracie Logan,tracie3814@yahoo.com,+^1Rpw
1245,Jeffrey Kim,jeffrey8323@test.com,$U2bTz
1246,Allison Odonnell,allison2457@company.com,1F$1Jn
1247,Justin Johnson,justin8645@test.com,+O$GfSpL6i
1248,Timothy Walker,timothy2380@mail.com,@4V1e&
1249,Linda Edwards,linda350@gmail.com,%87EIvgn
1250,SHEILA HAMMOND,sheila1460@yahoo.com,+)Sbn5ZW2
1251,Kristen Perry,kristen2276@mail.com,_%17mZOvz
1252,Daniel Stout,daniel2520@test.com,iy+aCjbPgd3
1253,Mario Green,mario5778@test.com,*Y1AVv
1254,Craig Williams,craig1666@gmail.com,^+5V_Bd
1255,Erica Austin,erica8043@gmail.com,_1U0bQ
1256,Heather Harper MD,heather4171@yahoo.com,^zq%MZpZRZ9
1257,Lisa Rios,lisa8790@gmail.com,6V6*xPPo^T
1258,Sean Mcgee,sean7119@test.com,6CfaYI2g)^Tb
1259,Anita Bowman,anita3006@yahoo.com,_JF0Wbc^9
1260,Derek Wade,derek6248@gmail.com,k@5yXa
1261,Rebecca Taylor,rebecca7345@yahoo.com,oMWutzed0_&1
1262,Theresa Randall,theresa6399@mail.com,35j!693j@U
1263,Emily Brown,emily8412@outlook.com,#CJ3Ndq
1264,MICHAEL CARTER,michael5511@company.com,5G2P(Frm(Dp0
1265,Tracy Burton,tracy3651@company.com,(e!i6RNk
1266,Margaret Mcdaniel,margaret1181@company.com,3&%a)qrB(DF
1267,Michele Vaughn,michele8377 @ outlook.com,$y2eYtPt3xOb
1268,James Erickson,james4617@outlook.com,)5PlohhX
1269,Micheal Shepard II,micheal1779@outlook.com,@04Mon
1270,Shelly Gonzalez,shelly567@outlook.com,5goCBw$!qcu_
1271,Kayla Castaneda,kayla6798@company.com,%HXPlfOxj1tZ
1272,Lauren Sanders MD,lauren4173@test.com,qA*Ir3Yo#
1273,Jamie Hicks,jamie4449@test.com,$t7Eegnv)L
1274,Heather Craig,heather5172@company.com,^_8Y6W0i
1275,Rhonda Allen,rhonda274@yahoo.com,J2Nftnz!&3H
1276,ANNA OCONNELL,anna4019@outlook.com,!6j1W!b
1277,Paige Zamora,paige6934@mail.com,@3HVrqm
1278,Ashley Howard,ashley7111@mail.com,)(4Kx)
1279,Michael Kelley,michael1626@company.com,a5)4wYr
1280,John Ward,john8239@company.com,5eM8k^qw^6X)
1281,Bryan Vasquez,bryan7635@mail.com,&4!Dq*uzi
1282,Jennifer Thomas,jennifer3370@outlook.com,ONti!1Bj+)YS
1283,Joseph Nelson,joseph8735@gmail.com,8A^aNaJu)9Gw
1284,Eric Carter,eric3936@company.com,D*B3ZRr
1285,BRENT HART,brent2381@yahoo.com,!fhpZB2b(1%
1286,Theresa Wolf,theresa4599@mail.com,^k9DyttKwW
1287,MICHAEL WARD,michael5496@company.com,$Oz%5JUd
1288,Roger Carey,roger9298@test.com,$QDmpoYGc1
1289,Brenda Jackson,brenda4051 @ outlook.com,H(1NjkCdA
1290,Sonya Ryan,sonya3584@company.com,Uy^KM1RplgOk
1291,John Berry,john689@test.com,+0IKF7q
1292,Michelle Gonzalez,,(m4Ngo
1293,,,L)1Xbn
1294,Carol Williams,carol6233@outlook.com,+9Vq!F83
1295,Kevin Neal,kevin1218@outlook.com,^9Fdb85H
1296,Sarah West,sarah8015@test.com,Yl(u3Bf
1297,Patrick Payne,patrick7471@yahoo.com,&9$UEt
1298,Meagan Murphy,meagan2733@yahoo.com,(8#OZZm1
1299,Alicia Barton DVM,alicia4658@test.com,@H7Qo3Ke
1300,Frank Nunez,frank3247@yahoo.com,(g_lNGpj8
1301,,,*11Q7hhXL@%
1302,Carmen Adkins,carmen1910@test.com,f5wh&5QeEty
,Elizabeth Lindsey,elizabeth4389@outlook.com,gr_7QvT
1304,Joe Baker,joe1655@gmail.com,#W5qLm+_
1305,Pam Hall,pam6868@test.com,^A6PCr$
1306,Ashlee Rios,ashlee5875 @ mail.com,M%72RUymGB
1307,Christina Evans,christina7631@mail.com,)hm9Od
1308,Dana Adams,dana7460@gmail.com,!Hjz9VPe
1309,Emily Moore,emily4700@yahoo.com,#5YgE5
1310,Brett Johnston,brett2281@test.com,^)1JmQlS
1311,John Dennis,john4175@gmail.com,(%4OZryyjQn
1312,Yolanda Sanders,,^87FZKh
1313,Matthew Black,matthew5011@test.com,password
1314,Jeffrey Solis,jeffrey4408@mail.com,_X7A80Iw
1315,Steve Moore,steve1167@gmail.com,z%l06HBa$
1316,Tammy Choi,tammy7135@test.com,+Et8DRugL^*W
1317,Andrea Miller,andrea178@mail.com,%%s88jBmuGq
1318,Cindy Robinson,cindy4134@company.com,#NAME?
1319,Sandra Smith,sandra5182@mail.com,B^GGrKw@Kw0A
1320,Brandon Wright,brandon370@gmail.com,
1321,andrew gay,andrew4569@test.com,d^6oH#i
1322,Alexander Burke,alexander286@yahoo.com,f+0Rkp
1323,Maria Weiss,maria8958@company.com,T26H8Odd#HZ
1324,Michelle Boyd,michelle5318@gmail.com,8QUBV&gZ(
1325,Joshua Franco,joshua4468@company.com,uAYg+f$A&6Sc
1326,Jennifer Cox,jennifer7788@mail.com,H)chN9Ka71G
1327,DAWN ROBINSON,dawn8778@gmail.com,e*&JniPf$4
1328,George Ward,,*64B4q!Vwm
1329,Christine Hopkins,christine2768@gmail.com,Yj*URj$tJz8
1330,Evan Ballard,evan1594@mail.com,)@SHYbu*8m
1331,Kevin Wilson,kevin8394@gmail.com,Yn8LIHYb*1
1332,KIMBERLY WILLIAMS,kimberly418@test.com,C@5Z$c
1333,Alyssa Palmer,alyssa9779@yahoo.com,hr*Q9WuPHtMx
1334,Erin Coleman,erin2987@gmail.com,(A9TFOe
1335,Dr. Diane Holmes,dr.9455@yahoo.com,y*8JoHs
1336,Emma Mckay,emma3939 @ outlook.com,_GKdA1qoHI8
1337,Robert Vaughan,robert6049@mail.com,Q+H4Y@ds(I3
1338,Jeffrey Myers,jeffrey8284@outlook.com,*6yPDR68Cb4W
1339,Stephanie Shaffer,stephanie8806@test.com,F7Ah8Muh#Gg
1340,Deborah Wood,deborah5718@mail.com,l#0wNmH
1341,Deborah Brewer,deborah7133@outlook.com,*+AHeyksw1i2
1342,Adam Gray,adam4340@gmail.com,$4+PWh
1343,Christopher White,christopher9309@company.com,d(_)9Bt(R
1344,Kelsey Burton,kelsey9634@company.com,2Q)k16Ov
1345,Samantha Sullivan,samantha2669@mail.com,!(5ATt8X@
1346,Edward Estes,edward8427@mail.com,$cY04Ph
1347,Sherry Gross,sherry8497@test.com,7m!C@2h4^j9
1348,john smith,john8523@yahoo.com,74I2+8Pu*
1349,Tyler Lewis,tyler9611@yahoo.com,8_#4aBzT
1350,Tyler Harris,tyler163@test.com,)2_Meksv7u
1351,Valerie Harris,valerie7389@mail.com,4HJCxeZI^
1352,Justin Pace,justin8840@test.com,+W3RIcvd(7
1353,,,)$5JTE_a
1354,Patricia Clark,patricia2312@company.com,_7DfIa
1355,Tanner Scott,tanner9023@company.com,^AjxMJgHx4Dj
1356,Brittany Wilson,brittany6491@yahoo.com,#s24OVdP
1357,Denise Todd,denise2252@test.com,^0XmRV
1358,Logan Smith,logan1686@yahoo.com,W&$8Ci
1359,Adam Fox,adam5538@outlook.com,^1M1GhtI&#BR
1360,KAYLA MCKINNEY,kayla4268@yahoo.com,!9WTxJH&!
1361,Deborah Barry,deborah1475@gmail.com,v(0+jxjewaWM
1362,Leslie Jones,leslie4693@outlook.com,@5vNgHbQGdX
1363,Kelly Bates,kelly7759@test.com,E+b9KmfUyr&
1364,Garrett Steele,garrett9824@test.com,3@7KIA1J7a
1365,Sydney Kelley,sydney1804 @ yahoo.com,+2zukRv5H^
1366,Mitchell Thompson,mitchell8711@test.com,#2HHS@hG5L^D
1367,David Johnson,david5912@company.com,#4JNUHWdeUKO
1368,Joel Dougherty,joel7205@mail.com,)8wnwZEz
1369,Paul Spencer,paul4884@gmail.com,*#!G)8FcM_M
1370,Misty Leblanc,misty1005@test.com,+C_XiG8gC9S$
1371,William Roth,william1763@test.com,^(B3Zc
1372,Jennifer Pope,jennifer8991@gmail.com,dysj#7Xt
1373,Christopher Green,christopher1571@test.com,t8scOLPiX+
1374,Richard West,richard3059@outlook.com,123456
1375,Stephanie Baker,stephanie677@mail.com,3%cq_LIk#c4V
1376,Robin Mcintyre,,$Aw0XhsnRs
1377,Wendy Gutierrez,wendy7299@yahoo.com,*n4AAy
1378,David Castro,david301@mail.com,+lB3B(RcNp
1379,Charles Ramirez,charles4481@gmail.com,4p148S*q(@
1380,Kari Williams,kari791@test.com,)6G!Es&VM
1381,Tyler Roman,tyler1097@yahoo.com,^+)9CSCvL
1382,Krista Jones,krista5463@mail.com,$4K0BrO
1383,Amy Sanchez,amy3864@gmail.com,k$0OhWAz
1384,Elizabeth Hanson,elizabeth5494@test.com,_5qOOhe
1385,,,^j5Z_woqe
1386,Jonathan Sparks,jonathan4650@test.com,)8NKZr
1387,Brittany Blanchard,brittany4912@yahoo.com,U2oPCFai^sWC
1388,Brianna Pearson,brianna4898@outlook.com,+9H7Rr
1389,Christopher Black,christopher2391@company.com,liw@v0Yf
1390,Timothy Mendoza,timothy3747@mail.com,I%&!M7VhXX4
1391,EDDIE HUDSON DVM,eddie5372@mail.com,B%u9ZIz
1392,Paul Williams,paul9930@outlook.com,@4ZUOxtf%
1393,Tiffany Robertson,tiffany9280@company.com,S6VelwqN&jAW
1394,Kristin Stephens,kristin2215@gmail.com,#NAME?
1395,Nicole White,nicole6425@outlook.com,c&1pIcY$a9u
1396,Amanda Hardy,amanda5775@yahoo.com,^4)CGbT3
1397,Michelle Lopez,michelle5921@test.com,(OpqXs0C20xE
1398,Sabrina Leonard,sabrina1565@test.com,Dj@3Ooz
1399,Rachel Johnson,rachel8814 @ test.com,$q5I#ei5
1400,Jackson Chambers,jackson2559@company.com,)Ka3Vb
1401,Ellen Camacho,ellen4539@gmail.com,V%vT2YQP&m
1402,Sara Ross,sara4066 @ outlook.com,K%2vEq
1403,Henry Small,henry1912@mail.com,bQ5k5JIw)
1404,CHRISTOPHER WILLIAMS,christopher3383@gmail.com,1_KB_Q^q@^3s
1405,Daniel Taylor,daniel1911@mail.com,7_aH3Vtm+T8
1406,Dr. Blake Foster,dr.8942@test.com,V(4FsBl
1407,Brittany Farrell,brittany6869@mail.com,@+6D1DDzr
1408,Justin Waller,justin5771@yahoo.com,#7TJn)
1409,Samantha Vasquez,samantha7719@mail.com,g%2GQZRga%
1410,Jimmy Chapman,jimmy3025@test.com,123456
1411,Shannon Knight,shannon4127@yahoo.com,fQyK70nz$2
1412,Scott Martinez,scott9039@test.com,F@3CFv
1413,James Mclean,james6570@company.com,!1aGeW2ykn
1414,Teresa Fernandez,teresa4159@test.com,+9J8Xkm
1415,Angela Bailey,angela4777@mail.com,zP_FWeyRKn46
1416,Carolyn Sanford,carolyn7316@company.com,X%1GbaV*
1417,sandra gallegos,sandra9293@yahoo.com,^2+QwJ
1418,Misty Marquez,misty9101@test.com,+^Zu8xNuq7rG
1419,Randy Jordan,randy5855@yahoo.com,&1Myn_
1420,David Arnold,david7002@gmail.com,17@P2Wfv
1421,Sydney Sims,sydney5390@company.com,*CARgAs726c
1422,Brian Moore,brian4695@test.com,&A9OOTIu
1423,Penny Warren,penny3506@yahoo.com,*p6TZv
1424,Kyle Hunter,kyle702@outlook.com,S$9kZOmdH
1425,Joseph Leonard,joseph7930@outlook.com,5yFuLLL2!
1426,Amber Henderson,amber452@yahoo.com,$*R3BkIeBh
1427,Dawn Peck,,tG*h+5HaVF
1428,Mrs. Lori Logan MD,mrs.2637@yahoo.com,$!9w2I2a1
1429,Andrew Simon,andrew5240@gmail.com,0Z%UNkqg)c
1430,Marie Holt,marie184@outlook.com,q1x0Vkvr^vI
1431,Yvette Russell,yvette5086@yahoo.com,&8AyQ_
1432,Jacob Yoder,jacob8818 @ test.com,^(!2Kcgg@z
1433,,,(MDPgtQ3n5k
1434,JOHN BARTON,john6661@company.com,JeSum6)o&6
1435,Christopher Boyer,christopher4060@outlook.com,ww$7Neko
1436,Grant Smith,grant6406@test.com,_*6GSle8
1437,Megan Sutton,megan1326@mail.com,JMcIOezp#8tJ
1438,Sandra Chambers,sandra8359@yahoo.com,!8JddBTz
1439,Christopher Bean,christopher2885@mail.com,!r15e5)nOQaR
1440,Carlos Lara,carlos7269@outlook.com,0%3Rnh
1441,Amy Reed,amy3111@company.com,(+5UOx
1442,brenda graham,brenda4983@mail.com,maJHv4Db$3)A
1443,Wayne Long,,#V1CCd
1444,Nicole Allen,nicole4042@company.com,PM_2Cn
1445,Gina Bradley,gina1797@gmail.com,&x9VXj
1446,Jonathan Campbell,jonathan4256@outlook.com,y%1X!S9dbUc)
1447,Jermaine Miller,,#NAME?
1448,drew clark,drew5910@mail.com,u)9U^pk
1449,pamela romero,pamela4275@outlook.com,$7p7Lsml
1450,Maria Castro,maria4930 @ gmail.com,v9Zrf319+1
1451,Laura Chen,laura9256 @ gmail.com,Q_0@A*Ku
1452,Jason Conway,jason8164@mail.com,_D_8bZQri^
1453,Johnny Henry,johnny7623@outlook.com,
1454,Tammy Gutierrez,tammy821@mail.com,r$9tXa
1455,richard douglas,richard8929@test.com,A#07LNRaIj
1456,Walter Aguilar,walter7927@yahoo.com,@7WKQls
1457,Stuart Pope,stuart1514@test.com,)2SvE5sBy6OF
1458,Carla Yates,carla27@yahoo.com,
1459,ANTHONY GRIFFITH,anthony3689@company.com,x&3J4eh
1460,Timothy Fowler,timothy6275@test.com,_5)8XMm
1461,Tara Peterson,tara6545@test.com,!67KtVG
1462,Thomas Sharp,thomas4775@outlook.com,&4Teua
1463,Susan Sparks,susan5010@test.com,q_i5OGhmk
1464,Steven Arnold,steven9094@outlook.com,H7Aja0Zb+
1465,,,UDDc*T0X*2
1466,Brittany Camacho,brittany3368@test.com,*c4R6wX
1467,Brian Odom,brian7055@gmail.com,^HA4iVh
1468,Matthew Chandler,matthew4294@mail.com,*9ABC%&lA4
1469,Reginald Melton,reginald8611 @ company.com,password
1470,Jamie Conner,jamie3543@company.com,p2EfXmLC(t4B
1471,Brandon Newman,brandon3465@mail.com,4+643Nf
1472,Richard Kim,richard4022@gmail.com,w0+Tsq7j%A9
1473,Amanda Clements,amanda8132@test.com,d_v8Kk*
1474,Karen Moody,karen8301@gmail.com,!G^IVHhb5
1475,Joel Adams,joel9248@yahoo.com,@20aGv8Q
1476,Michele Nixon,michele7721@yahoo.com,$ND0hYXy
1477,erik johnson,erik3979@outlook.com,#1U5Chr5
1478,Shawn Coleman,shawn5349@outlook.com,y+1)CcOiA&F
1479,James Jones,james6205@company.com,%^%5YwIol
1480,Timothy Gould,timothy1239@company.com,^4Bu)cXW
1481,JILLIAN LITTLE,jillian6564@yahoo.com,&r+M(OgsT5I
1482,Ashley Woods,ashley3874@test.com,@ycO@OgJRP%4
1483,Daniel Rodriguez,daniel7823@outlook.com,&2MXqK
1484,Deborah Carpenter,deborah4445@outlook.com,$(M*eBye1&
1485,Heather Mcintyre,heather1225@gmail.com,@sOSEssz)1r
1486,Jason Hurst,jason3236@company.com,t2qe5Jdv@)O@
1487,Robert Jones,robert9072@mail.com,+SQ@S%VrQ9
1488,Pamela Hill,pamela6040@yahoo.com,Q8@Rzj1a)
1489,WILLIAM WERNER,william4280@outlook.com,%Z31J5z4hl
1490,Julia Williams,julia2671@mail.com,%jX$5Vz
1491,John Watts,john3090@yahoo.com,FoqHyOtE&p3Q
1492,Darren Allen,darren9108@company.com,$Wel1n#x0
1493,Jeffrey Gill,jeffrey6579@test.com,$30SN_crf
1494,Brandon Nguyen,,93(4BMaF
1495,Ashley Sampson,ashley3597@mail.com,%h7V5nxY
1496,Isaiah Roberts,isaiah6767@outlook.com,j+U7Kw
1497,Nicholas Vasquez,nicholas8704@test.com,#H6IV)VbKs
1498,Raymond Haynes,raymond827@mail.com,(38RVTz
,Jessica Olson,jessica5952@gmail.com,!0rKK0a
1500,Alexandria Morris,,^6q1FZsq
1501,Gregory Huang,gregory9705@company.com,!kWB6X2sF
1502,Jon Trevino,jon4975@test.com,#%0Vj&
1503,Jerry Shields,jerry960@outlook.com,Q4Jz6dGw+
1504,Pamela Miller,pamela7026@company.com,gp7BQvZs)
1505,Ryan Duncan,ryan3398@outlook.com,)3+FH(dm4u
1506,Rodney Raymond,rodney2490@outlook.com,^0KNSHSo
1507,Jennifer Lee,jennifer3638@mail.com,#3D_I+q%
1508,Thomas Gomez,thomas4189@yahoo.com,2&8)HnjS
1509,Todd Garcia,todd8455 @ test.com,o^M3+OjtFr
1510,Kevin Vazquez,kevin199@yahoo.com,&7ZS#y
1511,Samuel Douglas,samuel5448@yahoo.com,%V$6JoVmQ9%M
1512,Joseph Logan,joseph3345@mail.com,^l3B9ea&)3e#
1513,Christie Lee,christie2469@outlook.com,^3FT5djrl
1514,Brian Smith,brian215 @ test.com,v9D1VtSO$fd
1515,Kelly Shah,kelly4461 @ yahoo.com,+%J7jkIy%7!
1516,Mikayla Mills,mikayla2281@mail.com,bG@9Lbf+h
1517,Jacqueline Turner,jacqueline2428@test.com,#2fV5fRetI2
1518,Amanda Green,amanda6745@yahoo.com,rlCU2qQtm(
1519,Roy Fernandez,roy1568@gmail.com,N7nmTPxg@
1520,,,sL5G7Vqx(F
1521,Patricia Ingram,patricia9893@test.com,_QY7Wgtck3
1522,KIMBERLY PERKINS,kimberly8902@yahoo.com,&cWSGwIGm8Q
1523,Randy Warner,randy322@test.com,#NAME?
1524,Shannon Liu,shannon7158@gmail.com,RT+6FHRb
1525,Stephanie Brady,stephanie5014@yahoo.com,!4%%QDd
1526,Jonathan Johnson,jonathan8737@outlook.com,dZ#8DRTe!OP)
1527,Lori Preston,lori2054@mail.com,6nm9qV^__
1528,William Delgado,william3799@company.com,)#4T9jvBG
1529,Eric Flynn,eric6583@test.com,!r7$pt9C4FLR
1530,Jennifer Coleman,jennifer9628 @ yahoo.com,q%6CYbe
1531,Gregory Stevenson,gregory6466 @ yahoo.com,*s5Ph@
1532,Adam Hernandez,adam6210@outlook.com,_0Q5%sidw
1533,Kelsey Brown,kelsey9550 @ gmail.com,@PTCC8Ngq2
1534,David Harvey,david5819@company.com,password
1535,Edward Huynh,edward4119@outlook.com,#xg6Yep
1536,Benjamin Solis,benjamin9787@outlook.com,%p8C9HfeqF
1537,Kathleen Miller,kathleen2091@outlook.com,#8Y44WQtL$q
1538,Marissa Spencer,marissa4413@gmail.com,s&0iJj
1539,Christine Harris,christine717@gmail.com,+55QiY
1540,Gabriel Clark,gabriel2727@company.com,(MJDW@yCK8o2
1541,Kristin Conley MD,kristin9115@company.com,@JUbyIDL0MK7
1542,Cheyenne Smith,cheyenne1831@test.com,@_k7Fk
1543,Adam Phillips,adam2343@gmail.com,%4LpV#CkB
1544,Timothy Walters,timothy4858@outlook.com,(2v5ISyf
1545,Jason Wells,jason3957 @ yahoo.com,V27@hRcm!
1546,Thomas Bryant,thomas5464@test.com,27E04&Yy^
1547,EMILY HARTMAN,emily1272@test.com,8!nmFIBm*9Xm
1548,,,&H^N9Clf^
1549,Caleb Weaver,caleb222@test.com,*x3oVn
1550,Christopher Smith,christopher6607@test.com,@55AHNd
1551,Melissa Woods,melissa9443@company.com,^A9Xh%e
1552,Kathy Mack,kathy4883@test.com,123456
1553,Emily May,emily7874@test.com,e5WON2eFIux!
1554,Christian Vargas,christian8105@outlook.com,2^2UXe$mFeN
1555,CHERYL STEWART,cheryl9512@mail.com,w$$0Kwn
1556,tara mcmahon,tara4334@mail.com,C#U2Pffz
1557,Laura Cole,laura844@mail.com,U)7w3GwXYR
1558,Kayla Jackson,kayla7041@company.com,e880GrYn*%H
1559,Nancy Palmer,nancy8960@yahoo.com,(2FYile4g
1560,Dr. Destiny Woodward,dr.3188@test.com,!r8u&BivDyW
1561,Deanna Tucker,deanna7802@gmail.com,$1Y)l4u%eVIZ
1562,Charles Reyes,charles103@company.com,s**RMlbr*3xc
1563,michelle shaw,michelle1116@test.com,^8dFqBDp
1564,John Boyer,john881@company.com,%^7SG7l
1565,Kevin Carroll,kevin3148@mail.com,*b8OPb
1566,Nicholas Lee,nicholas9061@outlook.com,!K(Q&cVz2L1
1567,Amber Dixon,amber4915@company.com,)86Zp6n
1568,mark ryan,mark5802@test.com,)7bF8IsoFB
1569,Richard Davis,richard9704@test.com,^57j7Ux(H
1570,Cassidy Thompson,cassidy9309@gmail.com,r%2Hs(4NZg6y
1571,Terry Cole,terry891@company.com,*9kPPm
1572,Matthew Mitchell,matthew2842@mail.com,H*3R&j
1573,karen simon,karen6626@yahoo.com,_iO0Cnc)Q
1574,Autumn Peterson,autumn8443@company.com,m#n2fKr
1575,Kimberly Harvey,kimberly6318@yahoo.com,Z*4UXh
1576,James Mullen,james6962@outlook.com,y#q8NKy
1577,Stephen Gonzalez,stephen2101@yahoo.com,(*993Jhhm
1578,Anthony Brewer,anthony4603@gmail.com,k+h8WwIdw^i9
1579,Jacob Davidson,jacob9654@test.com,j&@AM#XyFS6
1580,NICHOLAS ALLEN,nicholas6087@yahoo.com,Ww+6Sm
1581,Joseph White,joseph101@yahoo.com,N*0TCz8$W
1582,Rhonda Livingston,rhonda8909@gmail.com,I*8Sek
1583,Ebony White,ebony2300@test.com,!1uqa7tHVNvZ
1584,,,y)JU3Wc439
1585,Emily Romero,emily1289@gmail.com,!7TZzAwRkEd
1586,Christopher Decker,christopher9330@outlook.com,#61LWjReX
1587,KATHRYN GUTIERREZ,kathryn1825@test.com,k@0MwAmB^n@X
1588,Karen Salas,karen7365 @ outlook.com,W+J5Vade
1589,Jessica Riddle,,4ePdCe)m))It
1590,David Hatfield,david9042@test.com,%9mKSZqy
1591,Dr. James Newton DDS,dr.4211 @ company.com,(0EjVRna#jrb
1592,Melissa Cooper,melissa8844@gmail.com,2xLvnXe3#K
1593,cody sandoval,cody6312@test.com,45RjeGF7(
1594,Angela Casey,angela3863@yahoo.com,vqMg8vKD&2S
1595,Dalton Santiago,dalton7958@mail.com,))90Xg(
1596,Rhonda Sandoval,rhonda7900@gmail.com,&LDPDfRz1r
1597,,,_5qIWq
1598,Sarah Bell,sarah5072@gmail.com,#n7Od%
,aaron alvarez,aaron4260@gmail.com,$@3CsG
1600,Ashlee Patterson,ashlee3272@mail.com,*^(3DHra
1601,Madison Day,madison8696@gmail.com,6F@5Bi6b
1602,Kristen White,kristen1818@gmail.com,r2+3TQdx4)
1603,Charles Hubbard,charles2964@gmail.com,)!2Ynb
1604,Andrea Morales,andrea2485@mail.com,@BD2Kp
1605,Luke Willis,luke9888@gmail.com,(w#M6Ab
1606,Robert Foster,robert8800@gmail.com,F@5QEtu8!
1607,Charles Rose,charles7865@test.com,)@1SKaZ
1608,Jesse Clark,,&0Q)5mIo
1609,Julie Blair,,$4YFeja
1610,Jeffrey Robinson,jeffrey2646@gmail.com,_a(4Z%oL
1611,Kathryn Williams,kathryn824@company.com,(pd5YyX
1612,Thomas Lindsey,thomas4569@mail.com,)3Wiu1
1613,Christopher Freeman,christopher3350@gmail.com,@^4vE2x
1614,Roger Fletcher,roger3574@company.com,P@qC8Gz^
1615,Laurie Cortez,laurie2808@test.com,%S(hNpqw1G
1616,Walter Roberts,walter2286@gmail.com,%3H)Rsqo%
1617,Charles Johnson,charles7595@yahoo.com,5l^y5Ad
1618,Spencer Dixon,,^n#oS9UyaQ
1619,Phillip Carter,phillip1899@outlook.com,H*0F$)j0r3^E
1620,Jeffrey Key,jeffrey1073@yahoo.com,NC4Kvbbd0+2!
1621,Cindy Davis,cindy3299@mail.com,^vd7Z%Kl
1622,Roberto Bates,roberto8365@outlook.com,^0XwD5AsW
1623,victoria bennett,victoria3525@test.com,l@H9N0F!ewV
1624,Larry Blevins,larry1473@outlook.com,#z5PUOyxI
1625,Sean Cruz,sean385@company.com,^8ecVj
1626,Linda Cook,linda5827@yahoo.com,!9DauYA
1627,Gary Castillo,gary3180@mail.com,)2Clzr
1628,Michael Henderson,michael7466@test.com,D&5naYBl
1629,Brett Thomas,brett6462@mail.com,@%9Rq5b
1630,brenda short phd,brenda489@outlook.com,#s8JotM3Hp%e
1631,Tracy Sharp,tracy8311@mail.com,U9Aa*d9u)
1632,Nancy Johnson,nancy9453@yahoo.com,tZ*8SINfu
1633,Christopher Gonzalez,christopher17@test.com,$(9BpNzk
1634,Emily Allison,emily7172@test.com,#6m7REDihE3(
1635,Jennifer Kerr,jennifer4728@test.com,!j8Qw(Lc
1636,Brett Gregory,brett8356 @ test.com,F^x2RwII32Tu
1637,Jason Mills,jason8888@mail.com,b5FIK4rO)h8
1638,MEGAN GARCIA,megan3629@mail.com,K(6gKJn
1639,Jimmy Higgins,jimmy8299@company.com,password
1640,Taylor Brown,,(%MP72YfA
1641,Anthony May,anthony8637@mail.com,%t4BTnil4
1642,Sarah Carter,sarah4788@gmail.com,aB2Au3Jb#Q
1643,John Ayala,john5668 @ company.com,D4^1UHJg4
1644,Michael Williams,michael8124@mail.com,nh&616Yj(y
1645,,,+b9qGQnn)a
1646,,,K7gxxrPQ+t
1647,Patricia Cherry MD,patricia836@outlook.com,osv*@GkQB1U
1648,David Smith,david8763@test.com,%2FV$erB
1649,Jasmine Robinson,jasmine2120@test.com,o+Y6Zpc5
1650,David Kelly,david2855@mail.com,GQ74Tqub+
1651,Amy Hawkins,amy4703@gmail.com,!j$D8IHug
1652,Angela Flores,angela4515@yahoo.com,%m2w9OrvEa_
1653,Bailey Thomas,bailey7801 @ outlook.com,pMt7(WtnC(86
1654,Abigail Wiley,abigail3798@gmail.com,fl&0Mu
1655,Joshua Hernandez,joshua9176@gmail.com,(F5VdGqR4O8N
1656,Amanda Johnson,amanda715@outlook.com,@6RbmZ
1657,Wesley Hardin,wesley2082@mail.com,(!$p1gKsX
1658,Joshua Garcia,joshua8661@test.com,&i7SZ#%t
1659,James Murphy,james5219@yahoo.com,Gq8O&bsac#L$
,Amanda Ballard,amanda8029@mail.com,dR7&UcCal#
1661,Laura Gutierrez,laura6445@test.com,au^1k(Nd)
1662,Michael Branch,michael8564@gmail.com,$5fcU#W#bkX
1663,Bryan Copeland,bryan6994@outlook.com,#NAME?
1664,Samuel Robinson,samuel2132@gmail.com,_F1K3Lb$c&1L
1665,Andrew Dixon,andrew6009@outlook.com,&6*YZjodPj7J
1666,Christina Compton,christina7430@mail.com,+7Af7xT
1667,Jasmine Barry,jasmine4958@yahoo.com,&1*Rpn
1668,Dr. Stacy Green,,o%J%1VNx#
1669,ANNETTE HARRISON,annette5387@test.com,!5JKoyWyhhSo
1670,Mary Smith,mary570@gmail.com,&98rhWhuK+0
1671,Michelle Burns,michelle1718@yahoo.com,T_f3R+bgB&
1672,Deborah Butler,deborah4613@company.com,_2+Y@Iq
1673,Elaine Cisneros,elaine6054@mail.com,d3LVl5Kr+F
1674,Michael Rodriguez,michael9362@mail.com,%01@kPq0
1675,Todd Wright,todd6309 @ company.com,dNx^6Y&i&u
1676,Rebecca Davis,rebecca2712@outlook.com,@^$4Rk
1677,Edward Hopkins,edward4946@test.com,RH%1YEyPh
1678,Hannah Maxwell,hannah8232@outlook.com,cR&3Pe^L2
1679,Joseph Caldwell,joseph3217@company.com,@3OlSn
1680,,,#195Nk
1681,Amy Alexander,amy2795@mail.com,nm7p*cYa*v+p
1682,Kristen Young,kristen5248@mail.com,)SSztx43x5x$
1683,John Curry,john5898@yahoo.com,J$14y74Y%QQq
1684,emily fields,emily3122@mail.com,$o)N&fFy4
1685,Ashley Brown,ashley1366@test.com,(4K)LfCf
1686,Andrew Arias,andrew9790@company.com,bKL*r3KpV
1687,Jacqueline Perez,jacqueline7875@company.com,@#IBJPyuj8*
1688,Allison Moore,allison4737@mail.com,R#W6Ctb
1689,Mary Ware,mary1831@test.com,S30PC7to^t
1690,Angela Lowe,angela1842@mail.com,%UYviztM8wG
1691,Alexander Gray,alexander4936@mail.com,+PQ$h+Pe0_
1692,Michael Richardson,michael9669@gmail.com,i7aJs+d1(G
1693,,,VA3DREbQ@4
1694,Emily Wilson,emily1176@gmail.com,m1+(U!Xp&c2
1695,Autumn Gray,autumn323@company.com,nCYJ33Mt*m
1696,Lisa Campbell,lisa5320@yahoo.com,#Mw6Ky9cez%3
1697,Nicole Cochran,nicole6820@yahoo.com,p*1CKb
1698,Robert Jones,robert2014@yahoo.com,)28*El
1699,Dale Mccarthy,dale7359@mail.com,@BPx7fUl
1700,Mr. Andrew Davis,mr.8151@gmail.com,#NAME?
1701,Kari Santos,kari8677@company.com,@#P4Tlrk
1702,Matthew Johns,matthew590@company.com,(0QZ9xMu
1703,Judy Wagner,judy6248@yahoo.com,+$h6Sc7
1704,Howard Sullivan,howard6089@yahoo.com,4(6LneR3OdzR
1705,Douglas Alexander MD,douglas9375@company.com,6Xh^g0WK@$5W
1706,Kimberly Kane,kimberly8064@mail.com,54U1zwII#Bq
1707,gary brown,gary3090@outlook.com,$ks3MylGXYhZ
1708,Michelle Ford,michelle4341@test.com,!3BpbDJ(!
1709,Michael Wright,michael7902@outlook.com,m2qllidB$_N
1710,Emily Burke,emily5146@yahoo.com,yQ@GWCWpxED0
1711,SHAWN BUSH,shawn4343@gmail.com,(E8TMw9au0
1712,Yesenia Roberts,yesenia2305@company.com,%^YVAktet0h
1713,Andrew Ray,andrew8727 @ test.com,_15kSpx
1714,Jacqueline Smith,jacqueline7590@yahoo.com,$_QTtDmu@$6D
1715,William Knight,william8116@test.com,(5yR@dT
1716,Laurie Davis,,U)&NIGIf8I3D
1717,Tammy Meyer,tammy5819@yahoo.com,%z80Q$AtJ8#J
1718,Sean Burke,sean8501@gmail.com,1_8(CQJoPMI
1719,stephanie gray,,*+6No4JI
1720,Dr. Judy Brown,dr.5082@outlook.com,x(6I4Rf
1721,Patrick Martin,patrick7720@gmail.com,%T!0Jfnfw
1722,Megan Johnson,megan6538@company.com,password
1723,Amanda Lowe,amanda2666@company.com,^9SVAqi
1724,Samantha Simmons,samantha9050@company.com,S_93rEq
1725,Cynthia Hill,cynthia9696@test.com,cG^Jz1Ky
1726,reginald kelley,reginald1916@gmail.com,HU6^%ELh$1I
1727,MERCEDES ALVARADO,mercedes42@yahoo.com,_+9lHew9RuLG
1728,Patricia Trujillo,patricia5654@gmail.com,NLRowW2c532#
1729,Amy Mcpherson,amy263 @ outlook.com,%H9XOm1GP_
1730,Tracy Smith,tracy4421@outlook.com,wB@h56Ut
1731,Justin Fuentes,justin9402@outlook.com,i3$SW4Ah+
1732,Jessica Munoz,jessica6732@gmail.com,)1LJLsfu%g
1733,Justin Dean,justin603@yahoo.com,(27woOYp
1734,David Gonzalez,david8774@gmail.com,1@#eS6Ib
1735,Lisa Baldwin,lisa2594@mail.com,@9L)%DHv9
1736,Kevin Freeman,kevin753@company.com,#NAME?
1737,Kathleen Herman,kathleen5885@gmail.com,
1738,Douglas Watkins,douglas5768@gmail.com,Kd3P!Rou5@$
1739,Jay Lee,jay9691@yahoo.com,*M8Gdd
1740,Barbara Francis,barbara4816 @ company.com,@e5oHJt&
1741,Elizabeth Bolton,elizabeth2792@outlook.com,S+T4yLh+
1742,Aimee Price,aimee8510@company.com,&4!W_8c
1743,Andrea Montgomery,andrea8076@yahoo.com,L82#T4mq_r
1744,Troy Smith,troy8345@company.com,password
1745,Rebecca Sweeney,rebecca312@gmail.com,9#72Zs8
1746,Margaret Mitchell,margaret3417@yahoo.com,9)5KHyz7S4
1747,Ryan Ochoa,ryan8197@yahoo.com,e@e9Gu
1748,Brenda Choi,brenda1909@gmail.com,&Fovf8m_t6N
1749,Jacqueline Allen,jacqueline4548@company.com,_*6eM)gDyRuM
1750,Edward Pennington,edward2289@test.com,43E8h_h_!rN5
1751,philip chaney,philip203@outlook.com,(wl1CDf(
1752,David Williams,david6878@test.com,
1753,Donald Gutierrez,donald1834@outlook.com,
1754,Ashley Smith,ashley4346@yahoo.com,+6kwksB^9JO
1755,Sergio Baker,sergio5023@company.com,%0#Blqr
1756,Anthony Torres,anthony9319@yahoo.com,RB(7fOh7
1757,Anthony Gutierrez,anthony9090@yahoo.com,+2URq1Mw5*s
1758,Jeffrey Cole,jeffrey3456@test.com,*$(C8PQzXE
1759,Nathan Vazquez,nathan2576@mail.com,#y7WJFkYt2@
1760,Mark Morales,mark2665@yahoo.com,#NAME?
1761,Michael White,michael2312@outlook.com,i&7HRSz
1762,Jacqueline Preston,jacqueline585 @ gmail.com,!1TDJejmH
1763,jennifer rodriguez,jennifer6596@company.com,4NIYLap_%2n@
1764,Kaitlyn Knapp,kaitlyn6069@gmail.com,+3fRkj
1765,Anna Pittman,anna4600@yahoo.com,RY4D40g1&HB
1766,Tommy Lucero MD,tommy6648@company.com,A*$!1(Xnj
1767,Michele Lee,michele5958@company.com,E!4Ct$
1768,Richard Vang,richard5937@outlook.com,Z&Y17Wn
1769,,,P%9GSq
1770,JULIE GORDON,julie5591@company.com,_73PpL
1771,Mark Logan,mark9519@gmail.com,&2BZS6g3(#3
1772,David Thomas,david849@mail.com,
1773,Larry Neal,larry5295@mail.com,S!I8VFYzsce
1774,Andrea Murphy,andrea4133@gmail.com,o#48Ll4
1775,Shelly Martinez,shelly7508@mail.com,
1776,John Russell,john7077@company.com,^xe2Cz4
1777,Ashlee Castro,ashlee7182@mail.com,!4CtW0
1778,Wanda Miller,wanda430@gmail.com,#NAME?
1779,Jeffrey Barnes,jeffrey2100@mail.com,M)42YxDe9d
1780,Sarah Cook,sarah6099@yahoo.com,igDwcvuf@2Ki
1781,Sonia Allen,sonia1790@outlook.com,c!ex(UYx_Mj7
1782,Meghan Griffith,meghan3338@yahoo.com,&o2lIRuj
1783,AMANDA MILLER,amanda261@outlook.com,)9KT!)xjh
1784,GREGORY PHILLIPS,gregory8616@test.com,8Q4lorpo*AyP
1785,Samantha Mccarthy,samantha5688@gmail.com,)9MTcr^a^x4
1786,Frank Rice,frank9279@test.com,!)vR5Yns
1787,Edward Woods,edward9771@yahoo.com,T&4Fp9Y
1788,ELIJAH FERNANDEZ,elijah547@company.com,password
1789,SUSAN WILLIAMS,susan6817@outlook.com,_HI2QZkT
1790,Julie Johnson,julie8045@gmail.com,@_J6r(b!&&1I
1791,Glenn Martinez,glenn7399@yahoo.com,(ioVR6J!M6cI
1792,Richard Jones,richard8241@gmail.com,BnIWM9hnP&3
1793,James Roth,james8213@outlook.com,#DTBRLyFb9H
,Karl Hunter,karl3707 @ test.com,$9Gtw9
1795,Rachael Benitez,rachael7738@yahoo.com,$F)*_T&yah44
1796,Tristan Elliott,tristan9769@yahoo.com,5c9hOG(a*
1797,Amber Watson,amber6214@yahoo.com,i6X%sRoHud7W
1798,Loretta Stevens,loretta7955@test.com,S9paYInP@
1799,Dr. Michael Lewis II,dr.3372@gmail.com,s$DOUekh+8nE
1800,Mary Fox,mary6795@test.com,!(0(2EhGTA(
1801,mark nelson,mark3963@company.com,S*6@GCgj+hU
1802,Derek Smith,derek5610@mail.com,@2FPU^IlWujP
1803,Samuel Armstrong,samuel8396@gmail.com,$fS0XrFGn2T
1804,Christian Webster,christian9431@company.com,A)3xdPpY^orV
1805,Ruth Mckee,ruth4108@outlook.com,e%AO^7Fez(
1806,,,D_3pRv^ji
1807,Adrian Roach,adrian4139@gmail.com,_Rq9Wzl_$I
1808,Kara Guerra,kara6239@gmail.com,Y#5Ljpv#^rC
1809,,,lE2HMqVl$u9Y
1810,Miguel Anderson,miguel2068@company.com,+%B@I9Yp
1811,Gary Allen,gary1509@company.com,))7lYglB_
1812,LISA SHAW,lisa9801@gmail.com,Jyp39Cnk)
1813,Wendy Edwards,wendy5731@test.com,^42SpKZwnj
1814,Lori Roach,lori8666@company.com,Gq&)9qPzzqW
1815,David Byrd,david1544@outlook.com,*8oQKm
1816,Jonathan Key,jonathan3126@outlook.com,%3g)Uc$H$N
1817,rebecca castillo,rebecca7704@test.com,@7UzXm
1818,wayne gonzalez,wayne3528@mail.com,%9^HvDznK
1819,Amy Castro,amy8572@gmail.com,_5KvIdm
1820,Mrs. Ariel Houston,mrs.5066@gmail.com,7Q4d)A&z*
1821,Amanda James,amanda3034@test.com,v5&5VfaXOcF
1822,Brandon Keller,brandon9681@test.com,bg($wNJwWY77
1823,samantha delacruz,samantha6875@test.com,l9Giq0o+^q
1824,Trevor Kennedy,trevor8106@yahoo.com,q+O5Iqjg*(
1825,Cheryl Williams,cheryl6607 @ mail.com,uB2CjCz4Me*P
1826,,,F2qIZraw&
1827,Kathleen Patrick,kathleen3441@yahoo.com,h*5zHLbz7
1828,Keith Lee,keith1488@test.com,!03BHh
1829,Elizabeth Fuentes,elizabeth2039@company.com,R6A6GEtn5%PC
1830,Joshua Matthews,joshua8901@outlook.com,_4yf)Zz
1831,Kathryn Boyd,kathryn5348@gmail.com,%%4_krLey)
1832,Felicia Harvey,felicia8101@test.com,a)6!CsC
1833,Brad Dickerson DVM,brad486@yahoo.com,Rj(&7J1pN
1834,Lisa Smith,lisa1009@yahoo.com,^zQ8VaFm
1835,Phillip Ruiz,phillip133@yahoo.com,*0TFR0y
1836,Jeffrey Smith,jeffrey7127@company.com,*^9ZbI4
1837,Taylor Ray,taylor4237@outlook.com,63MegIdH(
1838,Kathleen Rose,kathleen6937@company.com,T!0Oe6
1839,Lisa Campbell,lisa9919@outlook.com,+4iQ9Bn
1840,Mark Mcdowell,mark3200@mail.com,n&*o9IqJ8Q0
1841,Sarah Atkinson,sarah8853@test.com,(V0HXKr
1842,Steven Martinez,steven1006@company.com,W@2Mw@jka
1843,James Lopez,james5917@gmail.com,c_+SfgMR%21S
1844,Gabriel Fernandez,gabriel2574@mail.com,!*X9UoQ
1845,Sean Gonzales,sean5285@outlook.com,SoI(&CTg%+7
1846,Theresa Taylor,theresa8180@test.com,Ar$3rsOy
1847,melissa castillo dvm,melissa681@outlook.com,*SMcCgFRK2
1848,Jessica Hansen,jessica7800@mail.com,@1Xqgzqs*8
1849,Caitlin Sanchez,caitlin7344@company.com,9^i8E&Lu
1850,Emily Ruiz,emily1515@yahoo.com,48oBmS8j^#Yg
1851,Lucas Brooks,lucas5978@outlook.com,%0C+0HT3Wm
1852,Jacob May,jacob8974@yahoo.com,@54FfmxS
1853,Jay Johnson,jay2995@gmail.com,19SA2jk^!
1854,Patricia Meyer,patricia8536@test.com,&Q0JZd
1855,Jennifer Lewis,jennifer902@mail.com,w&Y3Vj
1856,Justin Brown,justin9620@outlook.com,!8+HM$f
1857,Anthony Harvey,anthony5890@company.com,#9Q9Cg7p
1858,Joseph Jones,joseph7631 @ gmail.com,sb4ZCPp27)
1859,Kylie Taylor,kylie4194@test.com,APao*5Dx@7
1860,jack bean,jack7473@yahoo.com,&J6Rjy
1861,Austin Burke,austin8879@yahoo.com,password
1862,Ashley Long,ashley6352@gmail.com,9Gq1OoFp^
1863,Joseph Rodriguez,joseph736@gmail.com,$1g@3qpK8Y
1864,Amanda Gallagher,amanda787@company.com,r&eD32i#AX
1865,Ellen Welch,ellen4914@outlook.com,au4(KXs5#e
1866,Rachel Brown,rachel8116@company.com,)2CiRd
1867,Brandon Wright,brandon6664@mail.com,())71Nk
1868,Briana Foster,briana3035@yahoo.com,1@V0XFm@&f
1869,Heather Smith,heather8235 @ mail.com,T!G9N1Ng
1870,Mark Lynch,mark226@outlook.com,!6BuLAlX
1871,Michael Rogers,michael6496@test.com,!84%wl^jN
1872,Kevin Snow,kevin4403@outlook.com,_mIWIhTvA5E
1873,Alexis Hernandez,alexis6439@test.com,d!P%T4BeO
1874,MICHAEL MCLAUGHLIN,michael8401@yahoo.com,7$0E_h3
1875,John Armstrong,john5601 @ mail.com,$DX2d8Lx_0M
1876,Allison Luna,allison581@yahoo.com,2%g6Qnd
1877,George Mason,george432@outlook.com,)4vyHf@!An8G
1878,Robert Ruiz,robert9356@outlook.com,d+9MGT(c
1879,,,69Xp8yn1&
1880,Justin Collins,,3+8CWWmJN
1881,Kathryn Spencer,kathryn18@test.com,)dTxTuTg(Z7
1882,Courtney Cervantes MD,courtney4753@company.com,u4nD6&+e&x
1883,Mr. Gregory Snow,mr.9@yahoo.com,f$U^7YdcS
1884,Julia Charles,julia1838@company.com,+C9R6u
1885,John Young,john2251@test.com,@$7S^)Oxi
1886,Adam Shields,adam2814@mail.com,G!7Hjl
1887,Brittany Myers,brittany1247@test.com,%7yKxd
1888,Alex Munoz,alex9332@yahoo.com,L^81EKj8
1889,Ashley Brewer,ashley1021@company.com,X*8dCqk
1890,Calvin Frey,calvin9212@outlook.com,
1891,Sheryl Mcclain,sheryl7674@yahoo.com,$_Ni0MhBV8o
1892,Brian Garza,brian3150@yahoo.com,W(cAAiiy#Y9
1893,Miss Deborah Wright PhD,miss5820@yahoo.com,_5506R8kvT
1894,Kelly Mcgee,kelly1051@test.com,I+6Df^d
1895,Heather Wallace,heather6090@test.com,(uUSVQ)gQG6
1896,Katherine Hunter,katherine2091@yahoo.com,wXb66laO)+h
1897,Jesus Larson,jesus4761@test.com,r(1^PRNu!
1898,STEVEN CHOI,steven1344@outlook.com,@88J#)&o$^
1899,Patrick Davis,patrick555@test.com,5Wx&b1gib@
1900,Matthew Frey,matthew3114@outlook.com,B&8HNrfx
1901,Kyle Schultz,kyle9737@yahoo.com,Y_#S0EcOBkoi
1902,Patricia Hampton,patricia6497@gmail.com,v7GYIta8_
1903,Brian Bryant,brian3525@yahoo.com,TX@0XJxq+_
1904,Dr. Angela Huang,dr.3424@yahoo.com,^7Ca6a
1905,Katrina Soto,katrina1814@yahoo.com,+^Nrca034Ps
1906,Michelle White,michelle5711@yahoo.com,QX4E_Upc&@
1907,David Thomas,david4162 @ gmail.com,#5O8Mfe8
1908,Daniel Lozano,daniel4504 @ gmail.com,*1*5Rf4
1909,Gail Evans,gail4919 @ yahoo.com,i_!7MwxepD0
1910,Robert Wolfe,robert7185@company.com,qY5+4Nrp%!
1911,Angela Young,angela5692@mail.com,l+8GIe3pbYk
1912,Terry Acosta,terry7169@company.com,%SD+JDFxU0
1913,Nichole Powell,nichole7303@mail.com,+wH9(ixTy0oe
1914,Michele Phillips,michele7961@mail.com,(6X83i
1915,Rebecca Mann,rebecca1860@gmail.com,*2cZ#t
1916,Jose Glover,jose3534@outlook.com,t$mf26MsOxBo
1917,Daniel Carrillo,daniel1644@outlook.com,IQN6LBkg!
1918,Stephen Davis,stephen1913@company.com,#4Gwgsr
1919,Joshua Ferrell,joshua8506@outlook.com,2P1Zm8v1&
1920,BARBARA FRAZIER,barbara9970@test.com,JN)&4EnV
1921,Joanne Turner,joanne4818@outlook.com,+QpYsGD%o8
1922,Andrew Roy,andrew6691@mail.com,_G^2TO5p
1923,Savannah Gonzalez,savannah8397@outlook.com,#7IeRm
1924,Elizabeth Jackson,elizabeth3896 @ yahoo.com,u*L6U2n
1925,jonathan jordan,jonathan537@company.com,%8@1oCboA
1926,Tina Blevins,tina4832@test.com,$5DNs7
1927,Jacob Evans,jacob245@gmail.com,^ITGn4_Kb3
1928,Dawn Graham,dawn6577@company.com,a%K4Xh6ksRWA
1929,Matthew Harris,matthew3893@company.com,#!6Zsno*P1
1930,CHRISTOPHER BELL,christopher1081@test.com,K2AVEGcq*#
1931,George Love,george1299@gmail.com,2^c^Wfjv^U*G
1932,Jaime Moore,jaime7691@gmail.com,C9*Fuzmm@
1933,Jimmy Mendez,jimmy5526 @ gmail.com,!03Ng9x7(
1934,Taylor Medina,taylor4425@test.com,l0Uhpsv^(A0
1935,Elizabeth West,elizabeth7413@outlook.com,!!6JuPbE
1936,Haley Jackson,haley8810@outlook.com,yV$2HZ$s
1937,Aaron Steele,aaron7897@test.com,s@J9T@mW^0NM
1938,Micheal Alvarez,micheal9036@yahoo.com,@e1!#Bf(
1939,Audrey Flores,audrey8877@outlook.com,6hnDOShy&
1940,Victor Vega,victor8311@test.com,0VvAGOu!*J0
1941,pamela monroe,pamela3633@test.com,g_Nt4Edt
1942,Adam Scott,adam5723@outlook.com,+8eJnr
1943,John Keller,john6143@yahoo.com,@p0KvZ3
1944,Michael Harrington,michael3296@mail.com,oJ4Mc3aq(L
1945,Alyssa Morgan,alyssa2503@test.com,$46z1QWb
1946,Matthew Munoz,matthew9001@mail.com,_eA6IUa
1947,Ryan Ferguson,ryan1919@mail.com,!3(W3i
1948,Jamie Thomas,jamie4849@mail.com,c(T05BXa
1949,Michelle Rojas,michelle5382@outlook.com,%(p5Nk
1950,Matthew Espinoza,matthew4125@test.com,g*3I3d
1951,Lisa Horne,lisa9825@yahoo.com,Th*9Lm
1952,Michael Strong,michael4161@yahoo.com,(J3_Oz!1_
1953,Nancy Cabrera,nancy9525@yahoo.com,%#4ViMp
1954,Andrea Ramos,andrea9331@yahoo.com,T$3Qah
1955,Andrea Livingston,andrea3279@test.com,M!YscXVn)6r
1956,Joseph Gibson,joseph5061@yahoo.com,*$18Er1
1957,Tyler Crawford,tyler4749@outlook.com,Jb#4cYDtpS0
1958,Chad Stevens,chad1775@gmail.com,n53Al5Jm&g
1959,Elizabeth Peters,elizabeth1383@test.com,!B7sHp
1960,monica pearson,monica5140@gmail.com,B_0Q1i
1961,Tanya Lopez,tanya6679@company.com,+q32Vm!
1962,Edward Hancock,edward9126 @ company.com,%QM8Zr
1963,Wendy Jones,wendy6811@mail.com,W_28zRZfyC
1964,,,@S_OXVulD4
1965,Steven Medina,steven4505@mail.com,!7WSNAf
1966,Garrett Williams,garrett2816@gmail.com,QW($0Fmb
1967,Whitney Hernandez,whitney1588 @ gmail.com,UD7HpWbkT@p
1968,Melinda King,melinda5341@gmail.com,@KL3WYxeP
1969,Aaron Bruce,aaron7379@test.com,m(i9dGc
1970,Michael Perkins,michael9945@yahoo.com,2sHL^Oko)f
1971,Valerie Wagner,valerie5076 @ company.com,c!U1Pn
1972,Calvin York,calvin9612@mail.com,o7skaB$u*UK
1973,Cynthia Brown,cynthia3323@outlook.com,J@vb2FhX5!19
1974,Carol Rangel,carol275@yahoo.com,$E9A_GqRZ
1975,Laura Rogers,laura9471@outlook.com,@7PUua$A
1976,David Rivera,david7891@yahoo.com,40qRp2Wk5!$
1977,Justin Adams,justin4803@outlook.com,!3AjFyTAu
1978,Evelyn Armstrong,evelyn7530@yahoo.com,H!I2bIrO
1979,Susan Taylor,susan9988@outlook.com,*2x4UGwKDTLu
1980,Hannah Cole,hannah6507@mail.com,N+8SOo
1981,Paul Alvarez,paul5814@gmail.com,@tGTXzz96
1982,charlene adams,charlene4671@gmail.com,Q^!@(6Hek
1983,Douglas Allen,douglas3573@company.com,wwFA2Z7w_A3
1984,MICHELLE BISHOP,michelle8062@test.com,(^1rY^CeGb
1985,Nathan Martinez MD,nathan4835@mail.com,^E2Off
1986,Richard Gibbs,richard8@test.com,^$lNswoI8pGb
1987,Barbara Hernandez,barbara3944@mail.com,@D2_Cf+7%
1988,Jeffrey Blackburn,jeffrey4742@yahoo.com,(8HvYz
1989,Jacob Bailey,,K)4ZQDs
1990,dylan graham,dylan9560@mail.com,+fNnNt9(uZK5
1991,Patrick Glover,patrick6237@gmail.com,qfa5uWznJn+t
1992,Douglas Johnson,douglas2383@mail.com,yPtmFDj*(7hK
1993,Evelyn Chapman,evelyn3644@gmail.com,%8P2nLUv
1994,Travis Shaw,travis5396@yahoo.com,I!8TNIt
1995,Tammy Stevens,tammy5043 @ outlook.com,&fc3wK7b*Y
1996,tanya manning,tanya9631@gmail.com,%93CJcpY%+3
1997,Heather Clark,heather9843@test.com,(5I$jEnlp
1998,Ricardo Page,ricardo1866@company.com,m@@0FXb
1999,Mr. Anthony Alexander DDS,mr.104 @ company.com,te0ND@Bh(%
2000,Melissa Foster,melissa7451@outlook.com,5)j1G9rIot
2001,Dustin Hammond,dustin5736@test.com,G&0BmN
2002,Kimberly Harper,kimberly9880 @ outlook.com,ed3wnUwhzc)
2003,Ashley Lopez,ashley5982@gmail.com,bk5Y$KYgG^(
2004,lori combs,lori8019@yahoo.com,6&+94Ku0^du
2005,Charles Rodriguez,charles7332 @ outlook.com,Hyzw*jda(3
2006,Daniel Williams,daniel2560@yahoo.com,^&a39JJa+
2007,Ashley Mcbride,ashley8330@test.com,Og#1L1mc
2008,DOMINIC PARRISH,dominic4407@mail.com,#XL8JaC29
2009,Travis Daniel,travis3471@gmail.com,Fk+1ZNc
2010,Mary Maldonado,mary8404@company.com,_0tZLzca(I
2011,JIMMY CAMACHO,jimmy7215@outlook.com,09I8oJmR!
2012,Tiffany Wagner,tiffany8190@test.com,2_ot9OZz
2013,Christopher Mcfarland,christopher3159 @ yahoo.com,K+F5Oz_
2014,alexander beasley,alexander9717@yahoo.com,Ntewr8Fwf)
2015,Tammy Patel,tammy3333@gmail.com,#P2Etlr
2016,Debra Alvarez,debra3767@mail.com,jf$8AkIq
2017,Nicholas Mcgrath,nicholas5419@company.com,bK(J2uCv
2018,Chad Graham,chad5039@mail.com,&y17^!Aes
2019,Mackenzie Obrien,mackenzie6862@test.com,t02tEIl+#EA&
2020,Michelle Walters,michelle5977@mail.com,(0Ob7A%
2021,Lindsey Lawrence,lindsey1370@test.com,C#8FJk+*ZIm
2022,Katrina Francis,katrina466@test.com,%8O2p3
2023,Dennis Hill,dennis9798@yahoo.com,+7WPMDfx
2024,Christopher Rodgers,christopher6598@company.com,^N!857Urp*N
2025,Nathan Evans,nathan2082 @ yahoo.com,4&8RBj
2026,Kyle Peters,kyle8460 @ yahoo.com,_(O%8Oy
2027,Grant Ortiz,grant1291@company.com,!wG43Yt
2028,Lisa Ford,lisa5420@mail.com,$9TXnM
2029,Judith Patterson,judith8339@yahoo.com,$I9Ux*i#@(
2030,Christopher Jones,christopher2799@company.com,^1Hp!uw
2031,Clayton Arnold,clayton9157 @ company.com,!qY7k1voA4YN
2032,stephen allen,stephen5300@yahoo.com,V#PcXVXqUB9k
2033,caroline mcmahon,caroline4523@company.com,%!6BM53y
2034,Christine Stephens,christine884@outlook.com,2LRDrPaB$9
2035,Paul Stanton,paul1503@yahoo.com,FI$4aOrAWxpL
2036,mark stein,mark211@gmail.com,KtC@Q!3eXS15
2037,Shannon Holden,shannon595@test.com,
2038,PATRICIA WILLIAMS,patricia4556@company.com,t(U9mNvv#E
2039,MICHELLE SHAW,michelle6325@company.com,^6EQAox
2040,Daniel Harris,daniel7076@test.com,jPloCdei@9%
2041,Allison Tate,allison3349@mail.com,bC5mLu1b)5
2042,Gina Rhodes,gina6938@test.com,^B^cT*v#%0
2043,Amanda Vasquez,amanda6741 @ yahoo.com,(6weHIs
2044,Christopher Mendez,christopher5240@test.com,^(73Hsk
2045,John Gordon,john943@outlook.com,#0HgDyGR3r3f
2046,Jeffery Silva,jeffery6363@yahoo.com,3K0RP3v9$1X
2047,Raymond Jones,raymond5665@gmail.com,r1CMcxAl*U
2048,Adrienne Johnson,adrienne7080@gmail.com,K^S7M4Tc
2049,Brandon Ford,brandon902@mail.com,#Tx&USvd9(5
2050,Rachel Brown,rachel8941@yahoo.com,x@9)EITxH
2051,Wendy Nguyen,wendy7216@test.com,cCF@5JXx
2052,Alexander Turner,alexander8517@yahoo.com,1Us$2PZc
2053,John Koch,john9697 @ gmail.com,%N2Sa%kW
2054,Christopher Brown,christopher6912@yahoo.com,F@H5Ph
2055,Tara Melendez,tara4095@outlook.com,Arr+U0Wf$3hb
2056,Allison Brock,allison3198@gmail.com,_@69Sl
2057,sierra dunn,sierra6989@company.com,hz_9C6(fmq
2058,Amber Lara,amber6987@yahoo.com,%c4xAqBgC7Y
2059,Glenn Bell,glenn2645@yahoo.com,JXmOwPCbZ&5
2060,Joseph Stein,joseph7831@outlook.com,^qU3Nz3q$4
2061,Julie Hughes,julie3650@mail.com,(2RM*x
2062,John Hall,john3067@company.com,)W+4Ya#
2063,Randy Guzman,randy8837@test.com,!0RcCl
2064,Sydney Griffith,sydney1984@outlook.com,e42^(gXp#xA
2065,Karen Clark,karen7841@yahoo.com,F%3Jh0El
2066,CURTIS REYNOLDS,curtis5999@mail.com,&9Os#w
2067,Marissa Buchanan,marissa7163@outlook.com,!1SBhub
2068,Emily Duran,emily8480@gmail.com,%04YN%XgX@
2069,Joseph Smith,joseph3268@test.com,@8DUcx
2070,Brandy Clayton,brandy4452@outlook.com,(m6H3xw
2071,Ashley Gutierrez DVM,ashley5227@gmail.com,Wgc&H&mF_4YO
2072,Rebecca Perez,rebecca2443@outlook.com,#AIR5WPh
2073,John Williams,,B_2FEIu
2074,Diane Turner,diane3121@test.com,tu^0_Okyd*a
2075,Brian Williams,brian7021@company.com,133bWFe5+
2076,Russell Mendez,russell2228 @ mail.com,^9QxczbW
2077,Katelyn Davis,katelyn9998@outlook.com,w+Cq0V_goC
2078,William Malone,william8210@outlook.com,(5nDhN
2079,Lisa Webster,lisa1839@test.com,_515RziM
2080,Meredith Lewis,meredith5183@outlook.com,$P4MTsSq$i
2081,Teresa Walters,teresa904@gmail.com,7*5E*o
2082,Tony White,tony3844@mail.com,2az1Jo$iM)z
2083,James White,james8551@yahoo.com,1h@9Ss&!
2084,kathleen taylor,kathleen8439@gmail.com,*6jA_Iqwo
2085,Megan Vang,megan4181@test.com,*2Rxmy
2086,Mark Hughes,mark681@outlook.com,oG(1HOt2
2087,Andre Orozco,andre7546@gmail.com,!9p!3XrNJuy
2088,emily kelley,emily3283@company.com,&c4f5lc*B9ZX
2089,Randy Walsh,randy1253@outlook.com,c@41Fq
2090,Sheila Dudley,sheila7047@gmail.com,dkv%hBuu)a1*
2091,Jose Zhang,jose1586@company.com,(SJj3WlphO@j
2092,Heather Bowen,heather7820@test.com,%i@2YSt
2093,Brian Rodriguez,,#NAME?
2094,Joyce Johnston,joyce27@gmail.com,^yZ5KVnrd
2095,Rodney Sullivan,rodney9924@gmail.com,+0N_9p%
2096,Karen Sherman,karen1408@gmail.com,+2^JeS9Y+0Gk
2097,Melinda Morgan,melinda4251@company.com,i+K@q2TnQk
2098,Pamela Mayo,pamela4525@company.com,zd_2I7ckw
2099,Brian Rodriguez,brian354@company.com,3S)To@@g@KL
2100,andrew stuart,andrew3393@outlook.com,WNz12JXm0^oB
2101,Rebecca Campbell,rebecca4577@yahoo.com,t)6O(Gj
2102,George Flynn,george4592@outlook.com,r@!52Ul
2103,Mary Gonzales,mary6667@test.com,&3jKqvjUgm
2104,David Williams,david6708@gmail.com,3q)SIGkq5Pp6
2105,Brittany Brown,brittany5558@company.com,S$GJg44sAS9U
2106,Christina Gonzalez DDS,christina9312@outlook.com,!2$lKg
2107,John Griffin,john7133@company.com,Kzn#9#9(^5o
2108,Justin Frank,justin5384@test.com,&1T@snGY^BoQ
2109,Ashley Lewis,ashley2188@gmail.com,^40CtUoni2
2110,,,R$P6ANUce#o(
2111,David Khan,david381@gmail.com,_H+TxOLN+7^U
2112,Mariah Schwartz,mariah4688@mail.com,_VPyfzqJV6nT
2113,Alexis Trujillo,alexis9109@outlook.com,^WNA9Spe%
2114,James Hill,james5845@outlook.com,*5AHcG
2115,Maria Lucas,maria7036@gmail.com,#NAME?
2116,Joseph Burton,joseph7652 @ mail.com,
2117,Karen Fuentes,karen6993@outlook.com,o!h$4GXj
2118,John Thomas,john9472@outlook.com,)zhzXK_F11
2119,Tiffany Quinn,tiffany327@outlook.com,!2W!yAR
2120,Sarah Dunn,sarah4675@outlook.com,O*5Nxt
2121,Shannon Christensen,shannon6899@test.com,!5!TrlSb
2122,Stephanie Garcia,stephanie3041@gmail.com,x*06SVrx*O
2123,Beth Smith,beth6541 @ test.com,+54ZMvs
2124,Rebecca Jackson,rebecca4223@yahoo.com,password
2125,Christopher Cruz,christopher4189@company.com,F!ABDZ5f$@3t
2126,Mrs. Briana Rodriguez MD,mrs.8798@yahoo.com,
2127,Gina Kane,gina1780@test.com,*7pN9g
2128,Brian Thompson,brian5622@mail.com,c(OArBvrL99*
2129,Richard Lee,richard365@test.com,^uxYZc*S_9Wj
2130,Sheila Shepherd,sheila4669@yahoo.com,#x936Ap
2131,Jacob Rivera,jacob6774@test.com,&5gYOlM
2132,Megan Jordan,megan9162@company.com,0%S@SkeNM55
2133,Christian Frazier,christian8710@gmail.com,p5N$1Do
2134,Scott Gardner,scott7328@gmail.com,SY$0NPj
2135,Lori Bell,lori2886@company.com,l&(JRnCn!h9*
2136,Andrew Williams,andrew912@test.com,+0Nlhcks
2137,Brian Long,brian8902@company.com,2vXItArP&LC4
2138,CHERYL MILLER,cheryl791@company.com,#0yFyuK
2139,Richard Hatfield II,richard5310@mail.com,%4WeB@
2140,Jimmy Moreno,jimmy8485@test.com,S&(1EovO_
2141,Ronald Johnson,ronald4220@yahoo.com,*2^Om7
2142,Logan Martin,logan9059@company.com,07*5KtR9z
2143,Daniel Cooper,daniel1503@test.com,#NAME?
2144,PAMELA MERRITT,pamela4286@mail.com,$B%5uSJl+
2145,melissa turner,melissa7869@company.com,02$ojcA%!6VZ
2146,Summer Cook,summer7883@outlook.com,2)N#0Lsn3F
2147,Christopher Mitchell,christopher4247@company.com,4_9OF#os+T
2148,Eric Singh,eric1581@outlook.com,@2B6(q
2149,Kathleen Brown,kathleen5343@yahoo.com,&5eOL*mz
2150,JEREMY OWENS,jeremy1511@gmail.com,h$5H#wzj@jnA
2151,Stephanie Wells,stephanie9473@test.com,^43B7N7t
2152,Angel Decker,angel5698@outlook.com,z+V$1ACb*KgJ
2153,Adam Chavez,adam2738@outlook.com,%5H^QNpgtk
2154,Charlotte Sullivan,charlotte4025@yahoo.com,%4h1Br
2155,Catherine Rodriguez,catherine9750 @ yahoo.com,&1VN62ygJ_
2156,Steven Lee,steven7189@company.com,(NBL(PgX0
2157,Holly Wright,,+9FwpaXy#D
2158,Karen Marks,karen7430@outlook.com,K#7YXwTo
2159,Tamara Leonard,tamara1932@yahoo.com,dc)4Yu
,Megan Walker,megan1914@company.com,9ZmvYYjf)1FP
2161,Manuel Ballard,manuel8749@yahoo.com,1_RM0E)s)
2162,Lauren Craig,lauren612@test.com,Qi_O0TYvX#
2163,Joseph Gilbert,joseph1412@gmail.com,)(m9cFg
2164,Jonathan Graves,jonathan8703@mail.com,88b7EJdbr!(
2165,jeffrey miranda,jeffrey640@gmail.com,#4Bk*%
2166,Kimberly Simon MD,kimberly370@yahoo.com,gDTl7nYiG$
2167,Jeremy Gomez,jeremy1476@gmail.com,c&X1RZ1()7S
2168,Eugene Brewer,eugene5366@company.com,@I&wQ^i0rQ(9
2169,Nathan Arias,nathan2290@outlook.com,j3iSN)2p$u
2170,Karen Ross,karen2895@outlook.com,%0KQjB6
2171,Ian Lambert,ian6792@test.com,%qwbOH8La7%
2172,Andrew Mitchell,,rG+8(DXq#0)
2173,Mrs. Rachel Chan,mrs.6170@gmail.com,
2174,Robert Padilla,robert9241@outlook.com,z$i6xvYn
2175,Cody Guerrero,cody7424@outlook.com,+%dlR#T0G9J
2176,Dr. Donald Wong,dr.3599@outlook.com,)HRq5Nm
2177,Douglas Williamson,douglas829@company.com,B%u3VIp
2178,Dylan Weaver,dylan7234@yahoo.com,)w10Bc
2179,Juan Jackson,juan1682@outlook.com,&c2Cf)@yf
2180,Pamela Ryan,pamela4055@gmail.com,
2181,Nicholas Bentley,nicholas5373@outlook.com,)3KW&aXSKsS7
2182,Terry Cobb,terry1410@yahoo.com,9)658ITx
2183,CHRISTOPHER HILL,christopher4453@test.com,7*3NloMFxeu
2184,Alexis Dominguez,alexis1606@yahoo.com,U&*4Oal
2185,Alexander Miller,alexander6432@test.com,m%1oqVb^
2186,Alexander Wolfe,alexander1261@test.com,U7%mpRUu)v
2187,Donald Evans,donald4650@outlook.com,E4&5Ma!y
2188,Laurie Bryant,laurie2527@mail.com,p@9Wn+w2+K
2189,Timothy Jordan,timothy6047@gmail.com,!o7e@Ocs4B+j
2190,Christine Rose,christine8207@company.com,%Ez5NBbK
2191,Rebecca Smith,rebecca6837@yahoo.com,A$#1VIqay
2192,James Davis,james8815@gmail.com,)9f0G6r0
2193,Cathy Santana,cathy9444@gmail.com,a7Pid$fY_xJ
2194,Catherine Waters,catherine1630@outlook.com,^!VU3Ic0
2195,Kelly Lynch,kelly3365@mail.com,_69(Siz_
2196,Alexandra Collins,alexandra6390@company.com,e(J(DLIk_8LA
2197,Sherri Knapp,sherri499@outlook.com,%CZ%fDqt_6&L
2198,Erin Miller,erin2974@mail.com,^70PY9iLS0
2199,John Hull,john4562@company.com,qFc!6Wx
2200,Thomas Richardson,thomas1364@outlook.com,siFsg$%1!d3
2201,James Hill,james884@test.com,*8t6Ay#
2202,John Jimenez,john3321@outlook.com,I$l1Hj
2203,David Ward,david1433@gmail.com,#zH6POO(x#
2204,Julie Green,julie469@mail.com,*t2NKPon
2205,Shawn Aguilar,shawn3522@company.com,&1E7Scbsa_Qr
2206,Heather Webb,heather2485@yahoo.com,#hYwNYpe9
2207,Randy Riley,randy221@gmail.com,(6qFzDjLz%Xi
2208,Jared Thomas,jared3058@yahoo.com,^7Vmw2
2209,Jonathan Rogers,jonathan9752@company.com,oR3ODg8uS^R
2210,Richard Snyder,richard1415@yahoo.com,@3V4M40r
2211,Gloria Jackson,gloria3817@mail.com,x8ew@iQ&*uS%
2212,Christian Montes,,^7P(qh
2213,David King,david1677@outlook.com,E^@V0Jl+ZF
2214,Joel Pineda,joel861@test.com,j%$1i6Hb1lhn
2215,MICHAEL JONES,michael9667@outlook.com,%V0Uus_8I
2216,Brooke Rodriguez,brooke3071@gmail.com,i&7OOh
2217,Kelsey Hunt,kelsey9@outlook.com,*3X_hDrJz
2218,Jon Payne,jon4837@company.com,)1uyAAr3
2219,Victor Tyler,victor3001@gmail.com,b!0!plPx
2220,Jacqueline Smith,jacqueline8886@gmail.com,#1Re(pq
2221,Daniel Lewis,daniel3968@company.com,6xK3RW8n_M
2222,Christian Evans,christian1308@mail.com,m90j3yUk&u9
2223,Jason Barker,jason679@outlook.com,M$0ZC^$e@
2224,Gabriela Munoz,gabriela2734@yahoo.com,&+71Aw
2225,Kelly Duncan,kelly7522@gmail.com,q*)u13Cc
2226,Carol Reynolds,carol5476@outlook.com,_7GYqWnl
2227,Lisa Morris,lisa7434@gmail.com,4i1unQmjQ&
2228,,,bgD+MHxO#R67
2229,Roy Mclaughlin,roy5258@mail.com,#9ElnH@X
2230,Wendy Cain,wendy7347@yahoo.com,e^$0sJu9Z$
2231,Dr. Jerry Green,dr.8098@yahoo.com,em4S@^5gr^
2232,Dana Massey,dana2689@yahoo.com,+1N0DJpL
2233,Brooke Hogan,brooke1258@outlook.com,)I6OaIps
2234,Ryan Mcmillan,ryan9748@yahoo.com,%08I&pjY
2235,Alexander Estrada,alexander5123@outlook.com,p#f0Eb
2236,Nicholas Glenn,nicholas8830@test.com,9MVpTlTd%J(
2237,Matthew Sanders,matthew3161@yahoo.com,password
2238,Jimmy Murphy,jimmy287@gmail.com,@6n16Ss
2239,Sherry Barnett,sherry2632 @ outlook.com,password
2240,andrea cochran,andrea6031@mail.com,)+yR!M%smI3
2241,Brian Lee,brian6095@outlook.com,$x&3Egdj!
2242,MARY BROWN,mary8111@company.com,__6sEKp
2243,Rodney Wiley Jr.,rodney1169@yahoo.com,!u^3ONFocYS
2244,Jose Oliver,jose4606@gmail.com,&9RE^j
2245,Daniel Bell,daniel3076@yahoo.com,)FA0yPGg
2246,SCOTT JOHNSON,scott858@mail.com,+7AZIefXH
2247,William Fisher,william1729 @ yahoo.com,hhI4Gob$m!
2248,Dr. Paul Hill Jr.,dr.3883@gmail.com,)9Q%y1Ia
2249,John Pierce,john6172@yahoo.com,^8_Xv2$@0C3
2250,Jonathon Jones,jonathon2550@outlook.com,#S@7XJoT
2251,Rebecca Lawrence,rebecca228@mail.com,*I324N@d
2252,Christopher Burke,christopher2216@mail.com,&40L!r
2253,Kelly Smith,kelly1278@company.com,b+XS)6gNa&6R
2254,David Lee,david675@test.com,(o1&Wv
2255,Anita Joseph,anita102@mail.com,&V02bTy
2256,Jessica Long,jessica9798 @ mail.com,IY7T4Uj2$p
2257,Robert Dominguez,robert2604@mail.com,*+9BPgj1R
2258,Nicole Vasquez,nicole7342@yahoo.com,_2huXh
2259,Paul Stanley,paul5854@test.com,_4R!H6sDwFp8
2260,Courtney Arnold,courtney7974@mail.com,+i8Xf7bz(Mz
2261,Regina Garcia,regina8406@test.com,nZhf4Atf9@#
2262,Jeffrey Carr,jeffrey9324@yahoo.com,3)AQ)mrj@R8
2263,Kathleen Jones,kathleen4308@mail.com,q+i15eQt9C
2264,Laura Anderson,laura8475@test.com,eyA&(5Gs_us
2265,Jennifer Gibson,jennifer4081@company.com,^Bp6SJHd_6+
2266,Victor Wilson,victor4385@company.com,o^06wRr
2267,Autumn Walker,autumn2406@company.com,&5CBx$v
2268,Catherine Peck,catherine2948@yahoo.com,l97W0JnJ&7*
2269,,,#dEYGw8A6
2270,Kristen Santos,kristen2044@outlook.com,$q5W$du
2271,erin larson,erin7690@company.com,R!5wTJdt
2272,Robert Norman,robert4233@outlook.com,%6y@mAb#d
2273,Taylor Williams,taylor1135@yahoo.com,&2D7a1
2274,Leslie Perez,leslie1296@yahoo.com,+4Fep4
2275,John Lopez,,_9BMkuS5
2276,Lisa Miller,lisa5920@test.com,u@DZ_7RiG^g
2277,James Henderson,james4205@mail.com,&9S_PfZ!uBc3
2278,Robin Nelson,robin8194@yahoo.com,K!4cOLRcX
2279,Jennifer Morgan,jennifer6205@mail.com,3*@N5cOg
2280,Tabitha Burnett,tabitha3061@mail.com,&9ReA^v5x
2281,Victoria Villarreal,victoria7711@outlook.com,)0DEqz
2282,Bradley Phillips,bradley4926 @ mail.com,*g2FYXD*h6
2283,Heather Ramirez,heather4873@gmail.com,%n8yWBdj
2284,Kimberly Miller,kimberly4150@outlook.com,!7TXwt
2285,Angelica Green,angelica4177@company.com,I4G@hJbA+
2286,Adriana Bray,adriana3152@test.com,*n0gMQ7aXSM
2287,David Moreno,david7178@test.com,oe4CxmdK(
2288,Ian Jacobs,ian3077 @ yahoo.com,X*0RJhUj5
2289,Jennifer Young,jennifer6857@company.com,123456
2290,Christine Duran,christine6354@mail.com,V)8B0XqN6
2291,Lauren Miller,lauren7477@gmail.com,b(@t9mZq)_
2292,Aaron Martin,aaron6076@outlook.com,Y_kk5WAu
2293,Kayla Herman,kayla8091@yahoo.com,1vBpTuPe$qE
2294,Wayne Morrow,,*0@ANgdPWMxZ
2295,Pamela Mitchell,pamela5784@gmail.com,E6*4)UhjU
2296,Sean Rich,sean8714 @ test.com,
2297,Tony Fisher DDS,,%JU7Wrf
2298,Felicia Davis,felicia1200@outlook.com,_Io06Uj
2299,Donald Garcia,donald9691@outlook.com,$NlOQGydm65R
2300,Thomas Kelly,thomas1723@gmail.com,QF+ZB(b6^uu6
2301,Timothy Barnes,timothy3643@gmail.com,!V4KcVgq
2302,Derrick Hinton,derrick52@gmail.com,3#eV6So
2303,Sarah Eaton,sarah8830@test.com,Z*1&Pu
2304,Joseph Rodriguez,joseph8182@mail.com,7ADLM#Zb+
2305,Danielle Nichols,danielle5843@company.com,_NC9ko9K^BEk
2306,Randy Coleman Jr.,randy8595@mail.com,^(X6R#z7Vg
2307,Maria Ross,maria6827@test.com,CU6Hy5wl1!Uf
2308,RICHARD DOUGLAS,richard4097@company.com,BV9A3oRn@
2309,Andre Fisher,andre8528@test.com,Re(8HvOGqqc
2310,Anthony Perez,anthony7772@yahoo.com,&5EDbIlDzC*a
2311,Heather Shaw,heather702@yahoo.com,_(2UKzsR
2312,John Lopez,john858@test.com,(T9wdi6zL2L
2313,Taylor Roth,taylor8644@gmail.com,77@3ZnM*n
2314,Michael Mcguire,michael5806@gmail.com,*1hyOy
2315,James Serrano,james7965 @ mail.com,H@QTxGRre&4
2316,Allison Johnston,allison5339@yahoo.com,*naKWzxx5
2317,William Wilson,william4137@mail.com,0fD1qpUoB!N%
2318,Maria Stevens,maria7985@outlook.com,K!0PSt
2319,Jennifer Brown,jennifer7682@gmail.com,(0WuFv
2320,Rebecca Brown,rebecca3970@yahoo.com,%7vTh6j
2321,Robin Conley,robin7158@company.com,@1KHxN
2322,Kimberly Lee,kimberly5033@mail.com,%N6OR1sr
2323,Erica Jones,erica6254@gmail.com,_^9EpC
2324,,,Ih)88Csqs
2325,NICOLE ROMERO,nicole6859@gmail.com,@PB(fq7H%8E
2326,Richard Mcclain,richard6119@outlook.com,e*TYEmi5l_5J
2327,Robert Kennedy,robert8161@test.com,%8Aqgsss
2328,Jonathan Wright,jonathan1993@yahoo.com,)96OVq
2329,Travis Wyatt,travis9536@test.com,r*&^m0lnBWV
2330,Jody Hoffman,jody352@yahoo.com,tR#oA7yCG*Gl
2331,Ivan Simmons,ivan3416@yahoo.com,NN$*2RXj(*
2332,James Morgan,james9638@test.com,)2E)gyG
2333,Erin Lopez,erin3865@company.com,J#69tYxFD(
2334,chase jenkins,chase7405@yahoo.com,u3D@Z9dv+
2335,james pierce,james4275@yahoo.com,5U&9%Nr
2336,Amy Hernandez,amy4754@test.com,(EGjHSlId1D
2337,Carlos Washington,carlos3140@yahoo.com,PQ1HT$Zp*3)q
2338,Blake Dalton,blake1593@test.com,3eUVkHQl(
2339,Shannon Terrell,shannon7556@yahoo.com,_7J2(l)yA
2340,Jennifer Flowers,jennifer2231@outlook.com,+5Aqn+*lX
2341,Jason Galvan,jason9810@yahoo.com,!2DuRdo
2342,Yolanda Brown,yolanda6289@company.com,3@)R)Whwn!4b
2343,Wendy Mitchell,wendy7714@gmail.com,Br)#6#OqW^lN
2344,Laurie Elliott,laurie3485@outlook.com,6@Z^7Ejj
2345,kevin vazquez,kevin3656@yahoo.com,_v0)Mc
2346,Victoria Anderson,victoria4834@gmail.com,@gp1MErQ
2347,Andrea Summers,andrea858 @ test.com,G(8Uj1u
2348,TAMMY BARNES,tammy7007@gmail.com,+36CqFot
2349,Brenda Jackson,brenda6465@test.com,%A0Tf%zh5
2350,Sarah Mercer,sarah6141@mail.com,T6G5q^tf_L
2351,Nicholas Howe,nicholas9312@outlook.com,i3Bnv$zE_G
2352,Maria Fields,maria6467@mail.com,^&XZsP%TL7
2353,David Hall,david4932@company.com,)4YjUW$
2354,Gina Fleming,gina3422@outlook.com,wKJN3LeV^6%
2355,April Roberts,april4755@yahoo.com,B_5*gMWwqx2
2356,,,_A6G8)kp*
2357,LOGAN HOLLOWAY,logan562@outlook.com,$4Pt_Mp
2358,Roberto Cooper,roberto9632@test.com,_b#5jCgY(5%
2359,Albert White,albert8207@test.com,mR*9XQu
2360,Lawrence Mccarty,lawrence1074@outlook.com,Q*@)6Dlj
2361,Mark Mcdonald,mark4693@outlook.com,mi8FlCpb8$
2362,Zachary Dalton,zachary7671@company.com,#0NTzg
2363,Christopher Shaw,christopher1359@outlook.com,A+u7+@Rl
2364,Natalie Baker,natalie1012@test.com,c^*3nGe
2365,Dr. Lauren Santiago,dr.3223@mail.com,gs^y2(Rj
2366,Lisa Vang,lisa2454@company.com,%3JwzeR
2367,SHAWN SMITH,shawn104@yahoo.com,(58Dqe3!
2368,Matthew Sharp,matthew8590@test.com,@8SwhxJqF7
2369,Dennis Nguyen,dennis6967@outlook.com,jb6gMPh5+&G
2370,,,c960G2Nu$4%o
2371,tina obrien,tina8627@gmail.com,_WU4DXd
2372,Lauren Bridges,lauren6086@test.com,anV2ft3Qu#5e
2373,Tammy Davila,tammy4935@mail.com,!*7B6gI
2374,Caitlin Glass,caitlin6045@company.com,(5PJFp
2375,Kayla Alexander,,+3I7Is
2376,Wendy Morrow,wendy2322@gmail.com,&)6JpKkO
2377,jimmy porter,jimmy8803@test.com,(m0CU8f
2378,Danielle Porter,danielle8977@outlook.com,%8LB5HMe
2379,Jonathan Willis,jonathan6502@test.com,+1IfTGf
2380,Elizabeth Johnson,elizabeth7103@test.com,(sWJksUf2T8h
2381,Paul Nelson,paul1814@test.com,BJ#5S)^h!
2382,Brandon Watkins,brandon5860@company.com,l6ATCs8J@a0
2383,BENJAMIN WRIGHT,benjamin8338@outlook.com,aUeA5RzEpd+F
2384,Andrew Miller,andrew1889@test.com,m&6JWy
2385,Kristina Hatfield,kristina672@test.com,#NAME?
2386,Stephanie Johnson,stephanie5833@mail.com,!75@1KkS^&Fo
2387,Julia Williams,julia505@yahoo.com,^BxI&&xlV^4
2388,Cheryl Walker,cheryl204@test.com,e^890mQj
2389,Charles Marshall,charles1109@gmail.com,Jqu4ZLr+W%l
2390,Timothy Sanders,timothy2832@gmail.com,GN%U9My
2391,Emily Mckinney,emily2284@mail.com,)9ltp!Gm
2392,Darren Richardson,darren9778@test.com,87(M6fMbY
2393,Lindsey Cook,lindsey7273@yahoo.com,^V+NZCLg6v)P
2394,Dawn Monroe,dawn7904@test.com,cN3NuQhj@+e0
2395,tonya ingram,tonya59@mail.com,T15fNgibZ#
2396,Shawna Potter,shawna7059@company.com,Pg75zsGd%D^
2397,Stacie Howell,stacie346@outlook.com,@n03Dn
2398,Christopher Bailey,christopher4329@test.com,&zf6Zyhq
,Mallory Chan,mallory4138@outlook.com,&JPf1OpE
2400,LISA TORRES,lisa8781@gmail.com,T84%8*m0g@+F
2401,Courtney Kim,courtney8447@mail.com,y0C*V1Cb)4Y&
2402,MR. MARIO SHAH,mr.1139@mail.com,Mfk2Lzr4$
2403,lauren hodges,lauren673 @ gmail.com,O^)*5Gz8
2404,Amanda Maldonado,amanda5881@test.com,oJ1n0Pyo7%
2405,Dr. Danielle Green,dr.1314@test.com,
2406,BRIAN GOMEZ,brian416@outlook.com,+#$z3HZu
2407,Daniel Perez,daniel5773@gmail.com,!6Iere
2408,Kristin Jensen,kristin1165@company.com,V)bA2ZyQ
2409,Connor Bell,connor7661@mail.com,#H#3T0rHt(
2410,Carolyn Ramirez,carolyn9535@gmail.com,D#3#5ZpW$
2411,Brian Knight,brian2402@outlook.com,8$BQdJ8s_VSw
2412,Monica Savage,monica76@gmail.com,UA9zZe#o&jeh
2413,Steven Pierce,steven3759@mail.com,3p4OBYqhW)W
2414,Maria Spears,maria1157@gmail.com,vW@Q$p8f)45
2415,Jeremy Burgess,jeremy1850@company.com,!5mCJ_f
2416,Ms. Mackenzie Mendez,ms.817@outlook.com,
2417,Yvonne Jensen,yvonne7824@mail.com,cL!wFtfC$K89
2418,Andrea Yu,andrea7382@mail.com,4i%0Iq
2419,Karen Hall,karen6023@mail.com,ye4oVHaJJf^
2420,Jennifer Phillips,jennifer3091@mail.com,t%h9Grvw
2421,Stephanie Klein,stephanie7629@company.com,password
2422,John Mcmahon,john8760@company.com,6gCW7fH5H&8
2423,Carlos Valdez,carlos4573@gmail.com,f)2GAo
2424,Erica Welch,erica701@yahoo.com,q8YAhh)V@!3
2425,Paul Pitts,paul1297@yahoo.com,h$Q1XUhOkv
2426,Robert Green,robert5617@outlook.com,^9903Of
2427,Cindy Heath,cindy4315 @ company.com,$%MKI$hC9
2428,Jessica Freeman,jessica5737@outlook.com,%8@CRt
2429,Andrew Bailey,andrew9013@test.com,_39b7nDp
2430,Brandon Wu,brandon9600@yahoo.com,BKx0Us+fi)%
2431,Kevin Santiago,kevin7134@gmail.com,@7HnLy
2432,Kristen Johnson,kristen6600@company.com,ER2RbEz)*
2433,Nicholas Roy,nicholas3203@company.com,%s6Cj5
2434,Courtney Mendoza,courtney1652@outlook.com,S9CHO%Sp+scG
2435,Lance Duncan,lance2179@outlook.com,f34HyB$r*
2436,Robert Brown,robert702@outlook.com,7^nYzixNTe6
2437,Robert Wilkerson,robert8984@gmail.com,eL2hOU8rv*#p
2438,Donald Smith,donald6375@mail.com,NlxaGMhy+S01
2439,Zachary Jackson,zachary7097@test.com,$F_2VzA
2440,James Beck,james4621@gmail.com,B(L7l3KqJt#
2441,Joshua Johnson,joshua8635@mail.com,_^iOMeur71Z
2442,James Case,james9510@company.com,!B1Sr#
2443,Ashley Tanner,ashley4242@yahoo.com,ch7&PGab%0
2444,Heather Brown,heather3074@test.com,T+Th5QW7*j00
2445,Caroline Nelson,caroline5340@test.com,)5MT46@SAw
2446,Dillon Ewing,dillon3768@outlook.com,^4WPfq7!@
2447,Michelle Oconnor,michelle512@yahoo.com,$s1@XVhHI0
2448,Elizabeth Floyd,elizabeth1702@test.com,$g20Ur
2449,Valerie Hall,valerie9837@mail.com,*ko1P&5p+1
2450,Krista Sullivan,krista7362@gmail.com,K_(YbeCRL+1
2451,Frank Perry,frank223@yahoo.com,6rAI_E4i!RC
2452,Ryan Johnson,ryan9540@mail.com,XM&5VXdei)e1
2453,JONATHAN STOKES,jonathan5935@yahoo.com,#tBr0JbU
2454,Maria Mcneil,maria6057@outlook.com,$7Kz3h1
2455,Morgan Boyle,morgan328@yahoo.com,2@D%2CofsQk
2456,Kevin Williams,kevin3446@outlook.com,D!V5Qy
2457,Katherine Mcconnell,,NFg1KzJQ_4
2458,Seth Duarte,seth8870@yahoo.com,^1hzVq
2459,Leonard Trevino,leonard9957@test.com,g$76Q83kj
2460,Abigail Brooks,abigail4042@test.com,FN#7Xr
2461,Theresa Carter,theresa4828@mail.com,!bH6RKs
2462,Joy Mendoza,joy2173@gmail.com,@4e8DCkk4
2463,Robert Carter,robert7829@test.com,p+31Zx+
2464,Anne Wallace,anne6964@yahoo.com,)243V8fLl1
2465,Renee Harmon,renee445@outlook.com,RFXpJu4C#3K_
2466,Daniel Kim,daniel9713@company.com,66JGqvfx#n
2467,Maria Owen,maria8521@yahoo.com,+8aCa9m
2468,Michael Stanton,michael3074@outlook.com,bY&6FWyaj
2469,jamie thompson,,8%4&$Mx%&
2470,Patrick Bowen,patrick4530@mail.com,+7kI2cC
2471,Sarah Baker,sarah4013 @ gmail.com,_v9%Pp
2472,Chelsey Morse,chelsey1677@mail.com,$6YpQwj
2473,Patricia Schmidt DDS,patricia6229@company.com,_HY12DKk
2474,Andrew Fisher,andrew7566@mail.com,b!2OsGV
2475,James Page,james8507@yahoo.com,d5TG@qrm#^i
2476,Miss Alexandra Horn,miss9985@outlook.com,QC%1E1An
2477,Alyssa Young,alyssa3653@test.com,!4OVWHgjHcP
2478,,,_6Pd$k7p)
2479,,,G7Yrgk1x@xM
2480,Heather Henderson,heather5885@test.com,##_Q3Svn
2481,Samantha Norton,samantha4447@outlook.com,)%Td8jPdd
2482,Michelle Williams,michelle4255@company.com,A4VXiJxl+E
2483,Alyssa Johnson,alyssa2323@gmail.com,
2484,Victoria Nash,victoria9295@gmail.com,(IT6KSUy4
2485,Carolyn Garcia,carolyn2566@mail.com,^6NJvw
2486,Valerie Allen,valerie6629@outlook.com,+&7Gt1
2487,Christina Wilson,christina6438@yahoo.com,(6Wz3I
2488,Zachary Mcneil,zachary9738@outlook.com,m^1LBs
2489,William Conley,william1936@outlook.com,&^OS^YltP*9y
2490,Gabrielle Cervantes,gabrielle7267@outlook.com,*8yCz^
2491,Maria Wood,maria8253@test.com,U#8m+Xb
2492,Matthew Rios,matthew2425@outlook.com,_0Wnqw
2493,Tracy Cohen,tracy1360@outlook.com,r4IA)3zq&
2494,Jillian Parker,jillian6673@test.com,(R8VVe!F17
2495,Jason Bailey,jason6580@test.com,%00g&Mct
2496,Bryan Mathis,bryan9572@yahoo.com,
2497,Ruben Walker,,8(81Zj^QAO&H
2498,Kara Foster,kara72@company.com,(%+3dVwi4wT
2499,Melissa Ray,melissa5969@yahoo.com,+8NTpX!l
2500,Sheryl Myers,sheryl2640@company.com,l@A9fSd
2501,patricia howard,patricia8713@outlook.com,)U6^Rv
2502,Lauren Johnson,lauren5235@mail.com,l#BGK$riTN6
2503,Stephanie Gibson,stephanie5654@gmail.com,$z#TNEtySZ3&
2504,JASON LOPEZ,jason169@mail.com,qN@#o0Lx
2505,Anna Martinez,anna2394@gmail.com,_X*9f!JrFGYg
2506,Megan Weeks,megan6966@company.com,+k1Gc+y)y^V
2507,Alison Farrell,alison1676@gmail.com,
2508,sarah ortega,sarah5504@outlook.com,)WRo6cB$09ky
2509,Bryan Lowe,bryan8160@company.com,Krw$9Sp!h
2510,Lawrence Johnson,lawrence5911@test.com,E0^1Kf@e
2511,Dr. Lucas Rodriguez Jr.,dr.7702@outlook.com,I^99H1zA3I&
2512,Amanda Lowe,amanda8056@yahoo.com,3g)NnXef+S
2513,,,U9MB1Ua5#
2514,Tina Dougherty,tina7554@yahoo.com,&4x3AxLy&zkU
2515,Heather Le,heather9007@outlook.com,(#HBQ7u%tr8b
2516,Susan Lane,susan1180@mail.com,_17xHwX
2517,Jennifer Herrera,jennifer508@yahoo.com,#07KI+_z
2518,Danielle Carpenter,danielle5046@test.com,)jf4S)x
2519,Timothy Taylor,timothy8205@outlook.com,eSWOUsIz&45U
2520,Shawn Freeman,shawn361@test.com,^wX%AUOb2^0
2521,Jennifer Hart,jennifer1962@mail.com,^2tWRb
2522,Karen Miller,karen8968@gmail.com,(7*)V)b8&IL
2523,Aaron Aguilar,aaron5761@company.com,0#B@8Ju!av
2524,Samuel Lynch,samuel6072@mail.com,@x*9CCQj(7^C
2525,Mary Kim,mary825@gmail.com,hz26zKgyg(
2526,mrs. rebecca guerra,mrs.1018@company.com,5B6CLInr+9G
2527,Evan West,evan5644@test.com,&7&lD3lr9
2528,Jane Hunter DDS,jane8630@gmail.com,(3VQEjH
2529,Lisa Allen,lisa5273@company.com,$3!8Zgs
2530,DAVID GIBSON,david4441 @ mail.com,O)kCFOIqQy7x
2531,Sharon Waters,sharon442@test.com,o#35Uc
2532,Michael Hoffman,michael8753@outlook.com,HA8OCkwuI+
2533,Martha Turner,martha4560@outlook.com,9!D!1hHc
2534,BRYAN SCOTT,bryan4747@company.com,tLQ#7Vh
2535,Amber Forbes,amber644 @ test.com,8K2MBuySg_^T
2536,Joseph Villanueva,joseph4435@mail.com,S4RGsc90#*A^
2537,Julie Allen,julie2660@company.com,@65LEKz
2538,Alan Silva,alan4756@company.com,_9k4oJy*
2539,Deborah Houston,deborah7418@mail.com,_H4pgGPqUN*q
2540,Mark Garrett,mark1536@yahoo.com,x5#9QyV
2541,Kristina Johnson,kristina7694@yahoo.com,(c4Khs
2542,benjamin stewart,benjamin2617@test.com,XT4pyonI$9TR
2543,Jodi Horn,jodi2305 @ company.com,C)u(!3Tn
2544,Mark Kidd,mark5745@company.com,L+3XIf%1
,COURTNEY PERRY,courtney6156@mail.com,pzq+6Pjz+!
2546,Joshua Wagner,joshua748@company.com,%7b5QPy
2547,James Miller,james739@outlook.com,X%Z%mb4%762!
2548,Jenna Caldwell,jenna4297@mail.com,#DLB^Elz*dd8
2549,Joshua Martinez,joshua5464@company.com,q+4OX^hj
2550,Timothy Anderson,timothy6129@outlook.com,(jX8Vft
2551,Steven West,steven6941@test.com,%*6UH0Qq
2552,Aaron Lewis,aaron8822@mail.com,U)n4Ftd
2553,James Brown,james5392@outlook.com,@5f1R9s
2554,James Ellison,james6038@yahoo.com,E_nc1KsuL
2555,Gabriel Turner,gabriel2395@test.com,1NNbNId4&1()
2556,Monica Baldwin,monica4516@mail.com,la*pPKe^r4J8
2557,Justin Mejia,justin3939@mail.com,v@HA_NzjPr5
2558,Hannah Ewing,hannah2620@gmail.com,Ix$5Du
2559,Laura Ibarra,laura9194@yahoo.com,^(6A&rbzPnyp
2560,Kayla Thompson,kayla7798@yahoo.com,@e$+3Hvjr6F
2561,Ian Kent,ian5783 @ outlook.com,m1)QFPqC^
2562,Rick Freeman,rick2046@yahoo.com,O9+3zPa^M5
2563,Dylan Lopez,dylan2891@mail.com,+1S7qDzNbz
2564,Jonathan Johnson,jonathan7612@mail.com,$#S1QEmu
2565,Alexander Mcdonald,alexander6695@yahoo.com,5Wr+KB7k(b
2566,JENNIFER GUZMAN,jennifer338@test.com,_C7mTh
2567,nicole williamson,nicole1980@test.com,+0PYNck9
2568,Stephen Alvarado,stephen4394@test.com,&3RezLs9*
2569,Madeline Combs,madeline736@mail.com,_(0wyGyl
2570,Stephen Porter,stephen904 @ company.com,lS3O^2Pe
2571,Alicia Harvey,,&3yBSu1
2572,brooke moore,brooke4767@mail.com,%3&Vjp
2573,jean chen,jean4594 @ gmail.com,yq99BuNl@
2574,Troy Marshall,troy5724@company.com,G05qDsYt(
2575,Bradley Hartman,bradley1306@yahoo.com,#7FAPr$k
2576,Denise Turner PhD,denise925@company.com,$7I#FovN
2577,stephen morgan,stephen8747@company.com,(%09WTIj
2578,Kenneth Pope MD,kenneth5825@yahoo.com,U(0Wz^t
2579,Sheryl Cooke,sheryl7188@company.com,(E3PMPtT9eM
2580,Michael Davis,michael1167@mail.com,Y_3#gGlI9H
2581,Samantha Dawson,samantha3181@mail.com,yaNI#It8TN^3
2582,Jeff Coleman,jeff247@gmail.com,%6eJLd995B
2583,Frank Montoya,frank4940@yahoo.com,*g6Uxsl
2584,Matthew Underwood,matthew1511@outlook.com,#lYyL$j!(w0
2585,ANDREW MCMILLAN,andrew1457@company.com,)Z9FTxNjFXTT
2586,Mrs. Kayla Richardson,mrs.8943@mail.com,s9T&War$(
2587,Madison Lara,madison9032@test.com,(0V22Ggk
2588,Marie Powell,marie1755@gmail.com,$9iE1Kfr8Q
,Janice Carpenter,,!5VuMf6f
2590,Jose Hicks,jose6854@company.com,&4VbGfDMnGGz
2591,John Scott,john4654@outlook.com,^d09ZqMkYt
2592,Patricia Hoover,patricia5418@company.com,9T97lLoc%
2593,Cristian Cruz,cristian7163@test.com,2oZetzH4&yO
2594,Lance Cardenas,lance2688 @ mail.com,()90Gfdj6(
2595,James Edwards,james2036@outlook.com,w7$@ZiI)^Hz
2596,Bridget Adams,bridget631@outlook.com,_8OdBPrV
2597,,,123456
2598,Emily Martin,emily5110@company.com,F*5*YWs
2599,brian jensen,brian8877@gmail.com,Zw5gJfko(
2600,Michael Smith,michael3970@outlook.com,
2601,David Malone,david3846@mail.com,sY)A9Lr
2602,Amy Lee,amy1400@company.com,_6KPGtru@8g2
2603,Christopher Finley,christopher7597@yahoo.com,f+OHBo_h!5@P
2604,Kimberly Fernandez,kimberly2772@yahoo.com,InM5&3&a!3
2605,Paul Carrillo,paul4037@gmail.com,fh#99Ojtej
2606,Michael Smith,michael3822@outlook.com,0+yd1RDzWA
2607,John Williams,john5546@yahoo.com,5l4q!Yla&FM
2608,LEAH ALLEN,leah4195@company.com,1)(j1EXeiUyn
2609,Phillip Wood,phillip394@mail.com,2DyFstKf$
2610,Julie Velazquez,julie343@gmail.com,d_29Zp
2611,Marissa Robbins,marissa2054@gmail.com,6RkXiSFM#Zj
2612,Robert Chang,robert1028@mail.com,M7_WqXcM)
2613,Douglas Lynch,douglas4431@mail.com,@3^RzN
2614,Charles Clark,charles4928@outlook.com,$fa1HRd
2615,Steven Caldwell,steven4333@yahoo.com,(8hkEcS$
2616,kimberly espinoza,kimberly9459@yahoo.com,6)Q0_Tawd
2617,Erica Robinson,erica8818@company.com,r$K7OMacv
2618,David Martin,david617@yahoo.com,)9Awyt
2619,John Maxwell,john5960@test.com,*5)y_bOww
2620,Mr. Samuel Lewis MD,mr.5675@company.com,%zxWiUJ7m4
2621,Matthew Barnes,matthew7943@yahoo.com,)(9ss(@fHeO
2622,Ashley Jones,ashley4827@gmail.com,2b4i#Irs5_RK
2623,Julie Rodriguez,julie1116@mail.com,q#0PHfWl#
2624,Russell Hernandez,russell4041@outlook.com,2#9Qym
2625,Miguel Clark,miguel2005@gmail.com,V%akT0Xa
2626,Karen Wagner,karen5660@mail.com,&17Qks
2627,Darryl Bonilla,darryl1026@company.com,Es498I1mf$
2628,Marc Livingston Jr.,marc2408@yahoo.com,$d5CuZZ
2629,Mallory Martin,mallory4919@mail.com,^6*VEp+
2630,Alyssa Bates,alyssa1199@mail.com,+*4K5bTboDUd
2631,Andrew Fisher,andrew7129@outlook.com,v#+561StEfXP
2632,Sean Blackwell,,pk9_1E0xRC
2633,Brian Hawkins,brian1429@outlook.com,&2WQPg
2634,Dr. Jennifer Carter MD,dr.6399@yahoo.com,D*&9Yd#
2635,Lisa Adams,lisa1508 @ gmail.com,_^48YQLx%+
2636,Lisa Johnson,lisa7405@company.com,L5A^ncyV)8Yc
2637,Ashley Edwards,ashley7563@outlook.com,r14qY728#9S_
2638,Ryan Ingram,ryan8396@gmail.com,A+FW4Ama
2639,Lisa Graham,lisa6163@outlook.com,VG6+2^Vz7okj
2640,amber montes,amber5450@company.com,hoOl6ryx)6Z
2641,michael ballard,michael6108@company.com,Q^u8mVyYO*30
2642,DOUGLAS COX,douglas2493@test.com,X&1ugS9f^VR
2643,Thomas Perry,thomas4638@mail.com,M$bT8N3u4*m
2644,Connie Watts,connie7353@company.com,Qy(M6mWlUY
2645,Makayla Taylor,makayla4736@mail.com,($Bykkh253
2646,,,TM9ij)hE@)P
2647,Amber Mata,amber9319@test.com,fQ#89#Ye
2648,Brittany Carter,brittany5636@company.com,p^v6c1pa0IR
2649,Melissa Burke,melissa5913@gmail.com,_tAVIQCDE6Y
2650,Jacqueline Espinoza,jacqueline337@company.com,Bq%96Ek
2651,Crystal Kelly,,i)9HH2d0yx
2652,Charles Hernandez,charles1140 @ yahoo.com,(8KShdH
2653,Heidi Robinson,heidi1199@yahoo.com,to+lYuFYLAP0
2654,Mary Smith,mary4453@gmail.com,8cr9FqTg)NF
2655,Roy Sanchez,roy5180@test.com,_7GRmWs9b1XX
2656,Regina Hoffman,regina607@test.com,H^Tq8Cf+2
2657,Nancy Herrera,nancy3345@company.com,^9BUtk1W*L
2658,Stephanie Barnett,stephanie8309@company.com,1+tk+s2e*5Ld
2659,Mary Jackson,mary7171@company.com,#vh(LLgzN*K3
2660,Gregory Williams,gregory5013@yahoo.com,k#8UaJI4
2661,Frank Bean,frank3375@mail.com,nCS2*fAkB$Ah
2662,Marc Dickerson,marc2274@mail.com,6XtOnM!_&wO
2663,Robert Nunez,robert8093@gmail.com,&2bzTFKwipM
2664,thomas mora,thomas1546@mail.com,9m(FCn(*^
2665,Anthony Morales,anthony8639@company.com,#3p1QgcN_C
2666,Justin Harris,justin244@test.com,@6uPhv)qiZ
2667,roberta ashley,roberta7371@yahoo.com,)09LKudeT
2668,Christina Sanchez,christina7657@outlook.com,123456
2669,Eric Hampton,eric2145@yahoo.com,
2670,Kelly Phillips,kelly3663@test.com,$0Vqcz
2671,Elizabeth Mclaughlin,elizabeth2193@gmail.com,^2OGipHnJ
2672,,,123456
2673,Lauren Miller,lauren5870@mail.com,^1Yz8Am
2674,Ryan Rios,ryan1078@gmail.com,123456
2675,TANYA ROBERTS,tanya7290@gmail.com,$KRzc8FrpK
2676,Debbie Harris,debbie266@company.com,#%B8Kj6
2677,Ryan Martinez,ryan8833@gmail.com,L5q76oWt$Dj
2678,Garrett Jones,garrett547 @ company.com,*5EjMD
2679,Carrie Watson,carrie732@test.com,6&+7LSvf
2680,Robert Palmer,robert4360@outlook.com,%#9XXGmMTGV
2681,Bridget Woodward,bridget1113@outlook.com,v5+MDl+s@
2682,Andrew Harris,andrew4637 @ outlook.com,HBE7(qOw(Y
2683,Brian Dalton,brian5270@yahoo.com,3G@8i+Zw_W5h
2684,Hector Hernandez,hector2560@mail.com,&&7EsU
2685,Aaron Long,aaron9878@mail.com,Wl_53B8j
2686,Jason Jennings,jason4197@yahoo.com,#Y4Le37eI
2687,Michael Carey,michael2033@outlook.com,%_i0NCYy8j
2688,Alison Steele,alison1711@mail.com,q+L4Dn
2689,Michael Ross,michael9980@test.com,rcF#1Vql
2690,Jennifer Williams,jennifer6460@company.com,H&_1D*Ndof(L
2691,Isabella Ramirez,isabella7305@gmail.com,@cM5kvcLZ8C)
2692,Thomas Jackson,thomas1554 @ company.com,)jEq7Pq2%n4
2693,Joseph Bryan,joseph8818@mail.com,5XKgpwyH+
2694,Jonathan Wolf,jonathan9544@yahoo.com,&pXuVEwW9
2695,Patrick Moore,patrick9159@mail.com,P$4@kTHA%uhC
2696,Valerie Levy,valerie9133@test.com,(nd7Om*K8aE*
2697,Lisa Carter,lisa8031@outlook.com,_&u43Bz
2698,Samuel Phelps,samuel3550@gmail.com,x*K$8YVr
2699,Jason Hunt,jason4990@company.com,88QgcVNr$^
2700,Alexis King,alexis7574@test.com,)264AgQ(X_
2701,Eugene Miller,eugene8138@yahoo.com,y(9wB2jY
2702,Ashley Salas,ashley3957@gmail.com,E$8Qd@g$_wuI
2703,,,$A5s_jE&f1M
2704,James Nichols,james2156@outlook.com,8TJorrkD)8(F
2705,David Case,david3597@test.com,#V4bAHoqs^D
2706,Michael Owens,michael4898@yahoo.com,%^1@IbEL
2707,Christopher Chase,christopher5528@gmail.com,#6y6mGe
2708,Tonya Valenzuela,tonya226@mail.com,j@0&Af
2709,GARY LOPEZ,gary7643@mail.com,*eI5e6Ut#&
2710,Amanda Powell,amanda4856@company.com,cL68Hn4k!!R
2711,Lisa Weber,lisa5357@test.com,%38Cqsba8
2712,BRANDON ELLIS,brandon4219@test.com,_91dGIJp
2713,Brandon Chan,brandon5401@yahoo.com,^XVJxY$7t9
2714,Frederick Fitzgerald,frederick4200@gmail.com,&y2Dd(
2715,Lisa Martinez,lisa8985@gmail.com,O^2mwCAc
2716,Rita Campbell,rita9731@company.com,Z$h99LZhsf
2717,Andrew Simmons,andrew673@mail.com,TdkXwJwg$M2
2718,Miss Becky Davis,miss5821@mail.com,#NAME?
2719,Elizabeth Wilson,elizabeth9817@outlook.com,$Pm6^%Ru1qlV
2720,Beverly Allen,beverly8158@yahoo.com,hf7JO!t3%qWU
2721,Meredith Johnson,,&H5Ng5
2722,Corey Campbell,corey5818 @ mail.com,n*0O$Fkhl)1@
2723,Cheryl Burch,cheryl1553@outlook.com,(aZ5CF_hEI(1
2724,Nicholas Marshall,nicholas8944@test.com,_5JtSRUiiEGt
2725,Anthony Ramos,anthony9117@mail.com,(k89FcQCV
2726,BRAD JACOBS,brad5942@mail.com,@ewuMJWj#Hr9
2727,rebecca byrd,rebecca1888@test.com,$vt4GzO*RQ@
2728,Brent Tyler,brent1206@company.com,(4!TvD
2729,Roberta Williams,roberta5240 @ company.com,)3k%I4cw
2730,Rachel Garcia,rachel6945@yahoo.com,akF0JNDt^
2731,Amy Jones,amy8349@mail.com,21dE((Qy+
2732,tim rogers,tim6388@company.com,
2733,Susan Irwin,susan6783@mail.com,P^Qn8UEq
2734,John Ortega,john3254@gmail.com,D^Q6#K_x1Tt
2735,Jennifer Hampton,jennifer7646@test.com,@+3zZ!tQ
2736,MELISSA JONES,melissa52@mail.com,*m$98qOw5bO
2737,Todd Ruiz,todd5615@company.com,ul4Z@nLL*(v
2738,Jillian Arroyo,jillian6047@outlook.com,##2F_Fc
2739,Christina Brown,christina5532@company.com,_0HYAt37c#ZN
2740,William Soto,william8357@test.com,%91&f4ZN#XI
2741,AMBER HALL,amber279@company.com,WNAmCuo!(m6
2742,Michael Greene,michael5710 @ test.com,x%_9NkqU
2743,marcus frank,marcus9812@gmail.com,W8RBRur6_at3
2744,Justin Dunlap,justin4707@outlook.com,#&&6DKhz7
2745,Toni Hess,toni1839@test.com,
2746,Paul Young,paul6381@outlook.com,*9^2DG6g
2747,Heather Jones,heather918@company.com,Jv^8Cp+NZ
2748,Teresa Perry,teresa2713@mail.com,_Nfe2uwc392
2749,Alan Cantrell,alan3448@yahoo.com,&_7@PRxG
2750,Lindsay Carlson,lindsay4003@mail.com,a+73*Flam3R+
2751,Charles Cook,charles7394@outlook.com,2^3PQst
2752,Jesse Green,,qh8EzJqNt+W
2753,Susan Jones,susan5769@company.com,+99Qw^StL
2754,Christopher Ryan,christopher9918@test.com,(8NuEIy
2755,Adam Curtis,adam9237@test.com,Fdc6B_cq(
2756,Marie Stokes,marie5646@company.com,)D6HpOaD
2757,Kelli Walters,kelli5183@outlook.com,N_6Zrh
2758,Stephanie Russell,stephanie6706@gmail.com,EW7#Uo_iMV%j
2759,Nathaniel Roberson,nathaniel9309@outlook.com,%G5XU$t
2760,Marissa Weber,marissa3310@gmail.com,&3(UBrvU)
2761,Keith Armstrong,keith7990@gmail.com,P8U7uOPh_xYF
2762,Jennifer Harris,,+P21Gj(ew
2763,jason hunt,jason78@mail.com,B$Vy01Wu
2764,Sonya Peterson,sonya3184@outlook.com,s6G%XXtnj&6
2765,April Day,april266@mail.com,@0QWp5
2766,Steven Davis,steven6434@mail.com,*3CiCu
2767,Nicholas Jackson,nicholas2748@yahoo.com,^jM&6ZSub
2768,Judy Robinson,judy4087@yahoo.com,9X%8YlpOiU9E
2769,Paul Warren MD,paul7105@company.com,5X2F9MdEM+w
2770,Mary Lopez,mary5165@test.com,Er8MDEs3+*
2771,Meredith Rodriguez,meredith1872@gmail.com,Pj1QIrBe+
2772,Robert Warner,robert1150@test.com,*3y5QstQrw@a
2773,Jocelyn Myers,jocelyn9865@outlook.com,_+40zHvRH4Y
2774,Andrew Knight,andrew1787@yahoo.com,(h+0A)z
2775,David Schwartz,david9416@yahoo.com,u%7tHAfXh
2776,Peter Welch,peter5997@yahoo.com,!^6$ZW1vR
2777,Timothy Shaw,timothy5026@gmail.com,#D)4V2kvA
2778,raymond miller,raymond2334@yahoo.com,^&0C#rjq
,Courtney Jones,courtney558@test.com,&2DfqDeT
2780,Gerald Barnett,gerald7958@test.com,_CHLSGugT1O
2781,David Chavez,david8350@company.com,9bPkBJ_($
2782,Kevin Pruitt,kevin8688@test.com,_b9SbVdZ
2783,MARIA HAYNES,maria8019@gmail.com,Zcl8*9YrE$2
2784,DAVID OBRIEN,david3153@mail.com,aK#d3Tx
2785,Edward James,edward1314@mail.com,93G)d#!U_kJ
2786,Amanda Taylor,amanda7156@yahoo.com,iE(4vHsA!BPJ
2787,Mr. Henry Wright,mr.4890@company.com,%006gmYbSz
2788,Monica Welch,monica2058 @ outlook.com,D5ImNyUi@
2789,Susan Jones,susan6451@company.com,^7U$xe
,Troy Hardin,troy9825@test.com,Xi1ZIaeK#oN
2791,DANIEL MITCHELL,daniel317@yahoo.com,&A2osFyuN
2792,Angela Hill,angela6592@yahoo.com,@$+13XWaN4Y
2793,Joseph Lowery,joseph1352@outlook.com,_S7uWpjrGX
2794,Ryan Becker,ryan8125@test.com,2%zuVojkq@1
2795,Gregory Morgan,gregory3315@outlook.com,()0tIDUs
2796,danny cherry,danny2168@test.com,$26Xgr
2797,,,^4ROki
2798,Chelsea Tucker,chelsea9657 @ company.com,)U9QeMFlKF
2799,Andrew Green,andrew3041@mail.com,2)3tHwtyYk!
2800,Jonathan Lamb,jonathan3522@yahoo.com,
2801,Noah Galloway,noah8238@yahoo.com,(i5p#MpWm
2802,Michael Marquez,michael2930@test.com,%GI93Pmx
2803,Jessica Thomas,jessica3959@test.com,@6zz&cFw95YS
2804,Benjamin Williams,benjamin297@company.com,)9Buettn5jH
2805,Brandon Serrano,brandon6986@mail.com,^09RkD_
2806,Stanley King,stanley1925@yahoo.com,TQ#0C%ug
2807,Christine Jackson,christine2927@mail.com,&y$P5Ngq
2808,Michael Charles,michael6595@test.com,8$0PjbGSW6Q
2809,Gail Gonzalez,gail5643@mail.com,E!5tRQNv7
2810,Heather Harrell,heather4758@test.com,%L8SLxf
2811,Krista Gonzalez,krista7609@gmail.com,^&zR6OQm2+
2812,Shawn Weaver,shawn1401@company.com,@s#7BWIkq_6N
2813,DENNIS GALLAGHER,,$SD5jgy28
2814,Anthony Brown,anthony7291@mail.com,%2Uwy(dtZNS
2815,Emma Austin,emma2442@gmail.com,V@OVuIs4Ff6p
2816,Justin Nelson,justin5758@mail.com,Fs*2XdIp+Tfp
2817,Dr. Robert Sandoval MD,dr.8314@mail.com,_i1kSk
2818,Jennifer Diaz,jennifer7669@mail.com,mC8idgrWj^B
2819,Derek Taylor,derek5386 @ outlook.com,@zNnKJEdY$6A
2820,Robert Jones,robert877@mail.com,7@Q*66Ihgm
2821,Thomas Smith,thomas9244@yahoo.com,KI^RpYgLk2_4
2822,Brenda Good,brenda3144@gmail.com,q#LGJ8Kv
2823,Mitchell Cameron,mitchell8906@mail.com,)(x0Wb
2824,Patrick Powell,patrick98@test.com,$v37UKj!e^h
2825,Mr. Christian West MD,mr.5009@yahoo.com,doaALk@El@6
2826,John Alvarado,john8053@mail.com,7+V17Wbf(W
2827,John Perez,john4660@mail.com,K)7E3op1
2828,Jennifer Martin,jennifer2397@yahoo.com,*6bWMd
2829,Richard Rosario,richard3742@mail.com,EM#0!3HqCwZb
2830,Gabriella Evans,gabriella2928@mail.com,x^1DhOzuWx
2831,Christine Garcia,christine8635@gmail.com,PE_@3&Vkj
2832,Michael Martinez,michael750@outlook.com,tr6EFU!l%5*
2833,Valerie Shannon,valerie4390@company.com,&^LTjcsiJ0hL
2834,KELLY MANN,kelly6472@yahoo.com,@96DNqF4
2835,Anthony Stanley,anthony6844@gmail.com,PM@6Vr4WVAFF
2836,Alicia Larsen,alicia5941@outlook.com,*@3u$LZu
2837,tamara washington,tamara5513@yahoo.com,Zmq83By8$Iwj
2838,Thomas Jenkins,thomas5173@mail.com,&5JFXnr
2839,Michelle Lynn,michelle5207@gmail.com,+4a6EFalL4
2840,Susan Gillespie,susan7955@company.com,!L6HazN
2841,Andrew Carpenter,andrew1486@outlook.com,K4X*tjqa&WK
2842,Danielle Harvey,danielle6042@company.com,hFx2wT*k$$%
2843,Shawn Estes,shawn7975@company.com,&89BxCo
2844,Teresa Rodriguez,teresa4482@mail.com,(7g0Qk
2845,Aaron Glover,aaron8425@yahoo.com,kx8SRwTf!9j
2846,amber wong,amber4425@mail.com,!0R112nxH
2847,Barry Mann,barry8851@yahoo.com,#NAME?
2848,JEREMY HARDY,jeremy6194@mail.com,I$aBTj5rRn9s
2849,Russell Elliott,russell6400 @ yahoo.com,#NAME?
2850,Michael Smith,michael7974@mail.com,_ksq6YzvX&
2851,Tammy Romero,,fU5)QMJy^4
2852,Zachary Henson,zachary5658@gmail.com,T&1cYtUcZ
2853,Jesse Elliott,,U!R73UWu
2854,dustin beck,dustin8503@gmail.com,&1p+RmBp
2855,Richard Franklin,richard5970@mail.com,%wLaZJb6w0U
2856,Luke Beasley,luke2293@company.com,+X8F2Fzi#W
2857,Tom Bryan,tom7592@test.com,$$EIkhc*R68
2858,Nancy Diaz,nancy4405@outlook.com,(gRL5RhbG
2859,Alexa Gonzalez,alexa8673@mail.com,s+2zCEUaLJT
2860,Timothy Crawford,timothy6987@gmail.com,)G5AkH
2861,Ernest Snyder,ernest6652@outlook.com,_lzI8Odh
2862,Bruce Duke,bruce8236@outlook.com,*fYS_lupA3I
2863,Nicole Estrada,nicole1592@gmail.com,WQ17%Qtm$+68
2864,Michael Thomas,michael7822@mail.com,cN$7TRe
2865,Sarah Estrada,sarah4027@yahoo.com,@y8DJx_x&+$
2866,Susan Allen,susan5963@test.com,wvB7BSq7O&F8
2867,Douglas Francis,douglas711@yahoo.com,97W47XAs!H
2868,Natalie Brown,natalie1194@outlook.com,&x5Tl16m
2869,Madeline Anthony,madeline6660@test.com,!6FjX!!bjZ
2870,Nicholas Romero,nicholas9405@mail.com,2M2hKXAg_+
2871,Karla Wilson,karla5671@mail.com,*9(sg^g)eiB
2872,Samantha Black,samantha2558@yahoo.com,@8Ui_KdS
2873,Dakota Gregory,dakota7019@outlook.com,$Szt4Vdqo
2874,WILLIAM BROWN,william1810@test.com,98IFJbbx^
2875,BRIAN MCCULLOUGH,brian967@gmail.com,+6gUdQwTmgI4
2876,michael jones,michael1872@company.com,+6LMmn382
2877,Darlene Moss,darlene7380@mail.com,p$z3Dy8E
2878,Robert Mcbride,robert9075@company.com,123456
2879,Timothy Jones,timothy8817@outlook.com,u+C4QLz
2880,Amanda Colon,amanda7665@outlook.com,123456
2881,Keith Brown,keith2353@test.com,2^dWxpNq1)2
2882,Hannah Castro,hannah9091@yahoo.com,k9%7KXzm$
2883,TRACY SPEARS,tracy9981@test.com,6_5GIW+lrJ#U
2884,John Dennis,john3035@gmail.com,38WF0Uis!
2885,,,cq7&2WzK709(
2886,Laura Boyer,laura9829@gmail.com,(4sD2w
2887,Ashley Gonzalez,ashley5302@test.com,L!1SCkc
2888,Mary Carlson,mary6255@test.com,9hy!m5D%+4D4
2889,Catherine Davis,catherine2154@gmail.com,%9zZ_t
2890,Jessica Young,jessica8259@gmail.com,z^6xRstQg4
2891,Chad Williams,chad9977@gmail.com,Y^NE*8Srk
2892,KYLE DAVIS,kyle7745@company.com,_O8Dow
2893,Derrick Price,derrick5847@company.com,_26Fkau
2894,Casey Gallegos,casey8619@test.com,@34eQk
2895,Alexis Tucker,alexis5087@outlook.com,enhXjDi_S#0
,Dominique Hart,dominique1514@outlook.com,$w1QSn+d)7
2897,Robert Camacho,robert9091@test.com,!9iCMbT
2898,Diane Stafford,diane2511@company.com,)8U3Jv#
2899,Linda Cooper,linda3492@outlook.com,%4hr79BsdvK3
2900,,,Wq$3RRjny
2901,Andrea Trujillo,andrea2704@outlook.com,rQ)2FiDq
2902,Sarah Smith,sarah3595@test.com,^8LZ)jB
2903,Rachel Watson,rachel9764@yahoo.com,123456
2904,Dale Francis,dale1407@yahoo.com,H$U83jVg
2905,Samuel Hall,samuel1700@mail.com,%$4TtM6r@
2906,Michael Bullock,michael7243@yahoo.com,V+Y87Zz
2907,Steve Guerrero,steve6678@gmail.com,1c3%lN0vJ!Z
2908,sara hernandez,sara5101@company.com,!5cR&8v
2909,Ronald Jones,ronald5018@gmail.com,$3pRQfT
2910,John Stein,john9341@gmail.com,+2oLh8p
2911,David Lane,david2847@gmail.com,0c1Z*yhuq*
2912,Alfred Graves,alfred512@gmail.com,_^M8L+Kv
2913,Kevin Evans,kevin3518@company.com,*SI@uV2!c1k
2914,Kaylee Lopez,kaylee4375@test.com,$7AmqolMO
2915,Cody Cole,cody9577@mail.com,P)4BZNYT*br(
2916,Todd Maldonado,todd9796 @ test.com,e)4VS0w
2917,Nathaniel Hansen,nathaniel7330@test.com,W0IYqwvm!
2918,Richard Callahan,richard5922@outlook.com,(c3(03Iv
2919,Patrick Young,patrick8042@company.com,!7Cy%W
2920,Robin Martinez,robin4887@company.com,g_S7Yu^
2921,Melissa Washington,,&G0DEdn
2922,Robert Morgan,robert4665@company.com,(0Gf9Vvc
2923,,,I(5zzYJPmf9
2924,BRIAN MEZA,,)O(5%Do
2925,Keith Myers,keith2643@mail.com,+4YYsun
2926,Angela Brown,angela8683@company.com,4q%6WgXL
2927,Sarah Lindsey,,p&7t7Kw
2928,Joy Gonzalez,joy2068@company.com,%%ATzQlo4Jl
2929,Courtney Walker,courtney2214@test.com,!9XhAJo!Gb
2930,Jason Callahan,jason4321@gmail.com,QH#I61Es(6
2931,Mr. David Nelson,mr.4709@mail.com,$4XXPlv
2932,Robert Strong,robert7495@outlook.com,Q&5E7Qn*
2933,Richard Chen,richard5335@test.com,!2DOlvxu^2Fo
2934,Rodney Kelley,rodney9373@yahoo.com,5ss$1JqvFY
2935,Laura Mills,laura4370@yahoo.com,#sr!96Cq
2936,Karen Bautista,karen5873@test.com,(Qq_2NsU
2937,Samantha Weber,samantha7911@company.com,@_s3TMTb
2938,Sean Williams,sean3784@test.com,Pg6$FcQkY!
2939,Christina Lee,christina5128@company.com,YIcN8Fzvh(D&
2940,Katherine Calhoun,katherine9735@mail.com,
2941,JOSEPH DAVIS,joseph1802@test.com,)13Bqkd_*
2942,Terri Glass,terri2695@company.com,a(4kQx
2943,Casey Rubio,casey2339@gmail.com,WV4mEMCK%3V
2944,Alexandria Franco,alexandria129@test.com,R^v1GyyG_Q
2945,Kelly Wilson,kelly6822@test.com,*7!j3RvR
2946,Troy Fernandez,troy9639@test.com,$bFtgizS^5
2947,Victoria Armstrong,victoria8203@company.com,(E8Pnr
2948,,,&1&5Ka
2949,Olivia Salazar,olivia3252@test.com,l%3Y^kh
2950,Robert Gordon,robert1286@yahoo.com,^d0^Ba0^
2951,Wyatt Cooper,wyatt3892@outlook.com,7cA%Y1oC(gM
2952,Douglas Ramirez,douglas2529@yahoo.com,_$$59Lx0)G
2953,Katherine Meyers,katherine157@yahoo.com,I&^F(z(KY6V^
2954,James Berger,james2888@test.com,)r7xM6lk+4
2955,Tracy Sanders,tracy2734@gmail.com,Y^50Ha
2956,Debra Shaw,debra4553@outlook.com,)2M_PpAg
2957,Dr. Patricia Castaneda,dr.9393 @ yahoo.com,$6nT6T%qC7J
2958,heidi sanchez,heidi8386@test.com,T%2Nu#
2959,Sherry Nelson,sherry2223@mail.com,#4cIst
2960,Timothy Hogan,timothy5684@test.com,f8$5Hd
2961,Ronnie Harper,ronnie3307@yahoo.com,Gfa1FLym&D
2962,Laura Jones,laura8640@test.com,)D7Pw!Cv
2963,April Nelson,april3607 @ mail.com,!^gO5Qo_V
2964,DREW HERNANDEZ,drew8716@mail.com,3!6VQfHa9
2965,Evan Crane,evan5539@outlook.com,!8MGmln
2966,Judy Pennington,judy2523@company.com,(Q2z8GmpL
2967,judith marshall,judith9112@outlook.com,BP+8Arofq
2968,Joshua Howard,joshua4320@company.com,44ErRJQY@
2969,Amber Flores,amber5450@gmail.com,q#O1rmkP+1
2970,Mr. Edward Padilla,mr.5438@yahoo.com,#0LnN1at1b
2971,Jason Bradley,jason9334@test.com,@7SRVq
2972,Matthew Webb,matthew7087@outlook.com,!!2L6#g
2973,Mr. Andrew Pearson,mr.3613@gmail.com,m#5wJy
2974,Dawn Kelley,dawn7531@mail.com,+B$x5OmM9k*O
2975,Kelsey Peck,kelsey6426@outlook.com,!Q7QeIZaMJ
2976,Raymond Meyer,raymond5703@mail.com,B!1OZis1)
2977,Andrew Harris,andrew4068@company.com,@6&NfC
2978,sharon ingram,sharon6757@mail.com,_9(aHOf
2979,Kaitlin Davis,kaitlin4052@yahoo.com,%1XpmKkGgNz
2980,Kimberly Simpson,kimberly2879@company.com,^4A%m$
2981,Paul Reeves,paul9234@gmail.com,(j7qhMEpC
2982,NICHOLAS TAYLOR,nicholas5246@mail.com,^6z!1EFd
2983,Nicole Fitzgerald,nicole2740@outlook.com,^5LCdA1($^ID
2984,Theresa Collins,theresa4572@test.com,%@6RCElpmm
2985,Kenneth Smith,,67+9M(nx
2986,Andrew Gutierrez,andrew2310@company.com,5Zg@6CjXxl%y
2987,Evan Weeks,evan1853@outlook.com,C6@7Pu
2988,Dr. Ian Ramsey,dr.6257@gmail.com,*1^+WXg
2989,Brittany Owens,brittany3019@company.com,2@(0DR%r3uh
2990,Brian Hines,brian4914@yahoo.com,p*#J2Oo
2991,Allison Edwards,allison8671@outlook.com,#*Ad*taSk_2
2992,michael mccann,michael3395@mail.com,K(6Bfaq
2993,Luis Martin,luis669@yahoo.com,1k3OPZo#x%
2994,Joshua Macdonald,joshua8652@yahoo.com,*Z5JO!!yp+4I
2995,Dr. Mark Davis Jr.,dr.2058@outlook.com,iVL$Nf8c!1kL
2996,Olivia Hernandez,olivia3360 @ gmail.com,%#^5YAYh
2997,Courtney Becker,courtney3699@gmail.com,)LI4Mqhs(^wM
2998,Daniel Graves,daniel1200@mail.com,&C3Rp*2
2999,Brian Mclaughlin,brian4697@yahoo.com,123456
3000,Connor Zuniga,,H%4bPmczcHt7
3001,Corey Walker,corey5026@outlook.com,V2kCKd_Z^e5n
3002,Tammy Nichols,tammy9396@gmail.com,!0pAvtm
3003,Candice Kirby,candice9575@test.com,q^5Lxo
3004,NANCY RIOS,nancy6859@test.com,h6WCy0R9^YKu
3005,Katherine Webb,katherine1074@outlook.com,TRpEiqqz&d3
3006,John Holt,john487@gmail.com,mW^3oldw8$g
3007,Jacqueline Green,jacqueline2131@mail.com,&D%1Curz+
3008,Carrie Wilson,carrie6171@company.com,G4g@CDUf%t
3009,Eugene Saunders,eugene562@outlook.com,&7XhTj
3010,Dr. Kayla Krause,dr.724@test.com,)W9(L52sJ!w
3011,Jamie Gross,jamie2798@test.com,^ZXxH%mf28
3012,Matthew George,matthew7350@company.com,!17de&Dx
3013,Anna Contreras,anna6374@test.com,tzmS0)Dou$u
3014,Donald Nicholson,donald6680@yahoo.com,&+6qNRGwA
3015,Andre Pierce,andre6954@mail.com,gG*q3Pw
3016,Debra Hicks,debra9694@gmail.com,0(6NMw
3017,CHRISTINE JONES,christine1597@yahoo.com,t@1EqIE
3018,Timothy Bryant,timothy609@mail.com,_(3HiwK
3019,Marc Thomas,marc2538@test.com,PsR#zuLiyf)2
3020,dawn torres,dawn9635@outlook.com,@O8j1XliYvs
3021,Kelsey Morales,kelsey759@company.com,pGh96&em$^
3022,Ryan Ellis,ryan4681@yahoo.com,#9Km_DQU%
3023,Karen Davis,karen8804@company.com,*9DHhLu+
3024,Jon Medina,jon8152@mail.com,+0mfP@Fq%YO
3025,Leon Wood,leon5138@gmail.com,_6DHGol&am
3026,Samuel Carroll,samuel518@company.com,b)2D0MhfE
3027,Ryan Sanders,ryan2195@test.com,
3028,tina harris,,@0Ii(@
3029,Todd Kennedy,todd6042@company.com,
3030,Luis Mendez,luis4796@yahoo.com,tODQhV5D$262
3031,Robert Miller,robert5231@yahoo.com,)_57_VUdk
3032,Jonathan Moses,jonathan6671@yahoo.com,f@g8W$Mi%s
3033,Eric Scott,eric5995@gmail.com,(i8XX9g2
3034,Thomas Noble,thomas5369@company.com,^o2&Icx
3035,,,+64sEs6s
3036,Dalton Chavez,dalton5833@yahoo.com,D+w_8#EqU
3037,mark alexander,mark9599 @ yahoo.com,@p_9EUt
3038,Kenneth Simpson,kenneth2787@mail.com,*8rYGb
3039,Jennifer Terry,jennifer7901@company.com,O9yXekP3^
3040,Lori Taylor,lori2878 @ yahoo.com,@_1F4THw8r
3041,Abigail Burns,abigail485 @ test.com,km+2GEkrtM
3042,Troy Moses,troy2309@company.com,)IP2ZvHl
3043,Travis Hughes,travis4009@test.com,*s4qVi
3044,Kurt Glover,kurt859@outlook.com,%*n2YVAgo
3045,Elizabeth Boyer,elizabeth4344@mail.com,_1IRkvS
3046,elizabeth carney,elizabeth6803 @ gmail.com,*0D5Z7mpm&
3047,Monica Bradshaw,monica256@gmail.com,%^7l6Oji)Qu
3048,Tammy Gilbert,tammy3275@mail.com,*0A5mqpa
3049,Alexis Stewart,alexis2275@test.com,^XF0Iz
3050,Susan Green,susan9871@yahoo.com,%6y4QbiT
3051,Manuel Terry,manuel9482@gmail.com,KDD7TArCVh_#
3052,Julie Santos,julie2044@test.com,&2CJVcTm
3053,DANIEL JOHNSON,daniel727@test.com,AgM6I34p%
3054,JOANNE PENA,joanne3145@mail.com,E#YorTPpGw3
3055,Kristy Duncan,kristy3057@yahoo.com,%778Vt
3056,John Jones,john9338@outlook.com,1G!3B3cok^_7
3057,Eric Williams,eric8176@gmail.com,R1tX(pEn(C
3058,Sharon Farmer,sharon4434@test.com,@552YkSDI4
3059,William Bishop,william9667@yahoo.com,jX4UEuXm#
3060,John Bell,john9152@mail.com,
3061,Donna Vasquez,donna9410@yahoo.com,_E0LZf
3062,BRIDGET GOMEZ,bridget8192@company.com,@*3#KRulEdi
3063,George Brennan,george8629 @ gmail.com,iIo9LbTdG@
3064,David Levy,david483@mail.com,_(F6K!Gg
3065,Kara Lara,kara5686@gmail.com,(LNbINxD5&
3066,Kelly Quinn,kelly5337@company.com,%P1JTXb
3067,Matthew Murray,matthew5085@outlook.com,HJb*3To4
3068,Samantha Martin,samantha7936@company.com,LG_%%6Sfi
3069,Gregory Parker,gregory262@gmail.com,GHtRNfTw@95Y
3070,Brent Patton,brent1982@company.com,I*4sTd
3071,Timothy Kirk,timothy1266@outlook.com,^XOKpLxmQ5aC
,Crystal Leonard,crystal736@test.com,_4VKCpC
3073,Chad Parks,chad4064@test.com,6(bTW0#o$pV
3074,Vincent Bonilla,vincent485@mail.com,&x7Wbu
3075,Jimmy Roberts,jimmy9649@gmail.com,_q#rsT61Zr6B
3076,Justin Brown,justin6186@outlook.com,Qr6E+Vm4G%4
3077,Chris Blake,chris3646@mail.com,_f5MBJNqBn6Q
3078,Antonio Navarro,antonio5682@outlook.com,2T1Av2mB%
3079,Danielle Berger,danielle3843@outlook.com,_3ReK6s
3080,Roger Dunn,roger6907@test.com,y4EO0Yep@#
3081,Cameron Wagner,cameron67@yahoo.com,#6aShbW$x6S
3082,Terry Flowers,terry6052@outlook.com,h5WqNnPb#2
3083,Rachel Davies,rachel3417@yahoo.com,W%O0lnQeP_
3084,Daniel Lloyd,daniel6100@yahoo.com,si8WLiBvB!pc
3085,Rose Smith,rose7638@gmail.com,v+6Yn9J
3086,Mrs. Sara Sutton MD,mrs.4664 @ test.com,%4$YB#Ymx
3087,Andre Smith,andre9122@company.com,^pcP90yQ&2
3088,Darrell Mcdowell,darrell5016 @ yahoo.com,^!6FwnhGjt8
3089,Cheryl Barry,cheryl3996@yahoo.com,*rJWKx551gme
3090,Elizabeth Warren,elizabeth6076@mail.com,*!R6Jgrk6bH
3091,Amanda Smith,amanda8233@mail.com,4xOn33z5)
3092,courtney davis,courtney2705@mail.com,&rF1TpWd
3093,Kristi Mcclain,kristi4869@gmail.com,8lYKYI45@ao
3094,Amy Castillo,amy7247@test.com,)4ToLxa
3095,Krystal Cox,krystal4320@yahoo.com,!558CWkyZ
3096,Kevin Guzman,kevin9051@company.com,%!(z8Pyq^#
3097,Melissa Bullock,melissa7408@test.com,_8KVwK
3098,Kathy Johns,kathy7571@gmail.com,#pFUg*ex*6
3099,Monica Roach,monica1983@yahoo.com,
3100,Lisa Ward,lisa8678@company.com,@%0FZKw9tl)
3101,Jennifer Scott,jennifer2635@yahoo.com,ZY$X7fBm
3102,Michael Black,michael5961@company.com,b+3b7Yx^
3103,Garrett Pearson,garrett9980@outlook.com,a7UAmI0b@
3104,Shannon Robertson,shannon8398@gmail.com,@h78Ps%vUZr
3105,james wilson,james9365@mail.com,&rY3Ukc1S
3106,Kaitlin Pollard,kaitlin5052@test.com,!X75Nc
3107,David Moore,david4415@outlook.com,!9SD2Ip
3108,Tracy Chandler,tracy9227@outlook.com,%277X7y
3109,Nathan Graves,nathan6805@mail.com,_9pGpb
3110,Taylor Acevedo,taylor4559@company.com,_q4UaDTyPh
3111,Valerie Lloyd,valerie4929@company.com,hgH*9GlEU
3112,Leonard French,leonard161@outlook.com,!7Vw*zBSot
3113,Matthew Gray,matthew5352@test.com,%)u_Z0Una
3114,Kathleen Marsh,,vy(4#N&s
3115,steven hayden,steven9099@mail.com,pu0X1Ioz#)a
3116,Catherine Hicks,catherine8699@test.com,&%nI2FNzG
3117,Jasmin Edwards,jasmin1823@company.com,jkCfFdEo!V5
3118,Dennis Hatfield,dennis7593@yahoo.com,*kJSVBrFl3T
3119,Dana Jackson,dana5855@mail.com,*7BPs@
3120,Jacob Jones,jacob5415@company.com,@t3YoX4e
3121,Jermaine Rodriguez,jermaine5956@gmail.com,^*08Ec#
3122,Stephen Cole,stephen6242@test.com,@SAjFOu4$8
3123,Omar Krueger,omar3973 @ test.com,0f7S7PiR*)J
3124,Mark Roberts,mark7295@test.com,&!_c7LgpPD9
3125,Alyssa Collier,alyssa9542@test.com,&a*s66Pi_
3126,Kimberly Burgess DDS,kimberly7873@outlook.com,$#U2CEj
3127,Michael Brown,michael5260@gmail.com,&M7D%u*v)
3128,David Fox,david6286@yahoo.com,^)4ZZy
3129,Christopher Lewis,christopher763@outlook.com,(Z1bZ2xe(
3130,Brianna Woodward,brianna7425@outlook.com,wvVf37Mn&
3131,ALEXANDER PERRY,alexander4566@company.com,npslE04a0$s6
3132,KENDRA MURPHY,kendra7842@yahoo.com,(y5ePr
3133,Cynthia Reyes,cynthia7693 @ mail.com,xdL6#8Md&
3134,Christina Mason DDS,christina5133@company.com,_8&VyHz
3135,Mr. Joshua Diaz,mr.652@company.com,v2MTfIPM#
3136,Ashley Pacheco,ashley6002@yahoo.com,H6AHhl1J(3Pb
3137,Dylan Bennett,dylan9209@outlook.com,$30OKQYo
3138,LAURIE JOHNSON,laurie2386@company.com,wo)6eSv
3139,Kimberly Howell,kimberly6619@mail.com,s1Xnf^bm)5
3140,James White,james2416@company.com,oq#75Ht6
3141,Jeffrey Moss,jeffrey572@test.com,3AQ55Wio#
3142,Sandra Hodges,sandra4274@outlook.com,!m4M_Kkp08O
3143,Andrea Bowers,andrea2425@mail.com,&@0YcYx
3144,Gabriel Griffith,gabriel4093@gmail.com,&dh4%OwhnUKB
3145,Bradley Cruz,bradley2780@gmail.com,password
3146,Michael Allen,michael384@mail.com,w+8+Ldha_
3147,Ashley Young,ashley4456@outlook.com,#&KSDh_Lqn2
3148,Nicholas Thomas,nicholas8880 @ outlook.com,R8AXcFn$+f
3149,Jeffrey Mack,jeffrey3235@gmail.com,M%Q28WIk
3150,ronald lawson,ronald2655@mail.com,%4Tg2&o
,Christopher Ramsey,christopher5596@company.com,x21ApD7Zlw9(
3152,Allison Boyer,allison2186@test.com,_@v3Ms
3153,Jonathan Vasquez,jonathan3034@test.com,91(CoPkCWyj#
3154,Barbara Wallace,barbara7810@mail.com,@S+2Ryg
3155,Roger Sanchez,roger4138 @ test.com,1PK5Kdr)#6
3156,Nicole Barnes,nicole3624@test.com,8h0UJ7IU(
3157,Edward Rodriguez,edward8243@test.com,^6k3)LJd
3158,stephanie valentine,stephanie8109@company.com,rej&d9Xa
3159,Breanna Davis,breanna2938@company.com,YlU!6Vv
3160,Roger Walsh,roger2827@gmail.com,+0hkzkZk!3Hm
3161,Jessica Maxwell,jessica7466@test.com,)3fOGFsyO
3162,Charles Burns,charles1093 @ gmail.com,%7Nt0hU
3163,Dr. Scott Anderson,dr.5521@test.com,(6_Cbt
3164,JASON MILLER,jason7813@mail.com,#NAME?
3165,Dave Meyer,dave8818@test.com,VSPi0N5x_*c
3166,Nicholas Meyers,nicholas3900@company.com,&(&$V1Ek56
3167,Jason Ramirez,jason3542@outlook.com,BvZ3Pcp1)
3168,Austin Castro,austin6561@yahoo.com,%6yR6b
3169,Mckenzie Smith,mckenzie660@outlook.com,!(AxrAu999
3170,Anthony Torres,anthony66@gmail.com,*69UqeZV5
3171,Kevin Barnes,kevin5480@company.com,t4QzBWi$(
3172,Jessica Allen,jessica9389@outlook.com,@37$CdCWbjb8
3173,Russell Walls,russell4784@mail.com,$^1Qaz@P
3174,christina rogers,christina5992@company.com,c&1F1BDaQS
3175,Kelly Wong,kelly5058@test.com,j)w4DqY
3176,Jonathan Taylor,jonathan4582@test.com,%C9BEcK3#Pd
3177,Susan Montgomery,susan6088@mail.com,8TSEyeNtA+9m
3178,Carol Rowland,carol4021 @ test.com,)XzOeWNax^0)
3179,Rachel Martin,rachel5725@mail.com,#g@1Ei
3180,Dwayne Burns,dwayne4938@gmail.com,_$6HhLFpmi
3181,KEVIN BAILEY,kevin8123@test.com,!5BdeYko+7x2
3182,Sydney Jones,sydney9548@outlook.com,!Mm5M4Hdpj
3183,Kyle Smith,kyle4082@mail.com,eu_6T+vA)
3184,Anna Smith,anna7223@company.com,pN_4uyMv
3185,Rachel Heath,rachel3034@gmail.com,8PR4O9ly$
3186,Joshua Schmidt,joshua6610@company.com,9&1Jjni
3187,Kevin Morales,kevin6669 @ yahoo.com,$9rDnuUz
3188,Elizabeth Swanson,elizabeth6434 @ company.com,$K1pKOtQ&A
3189,Leslie Hart,leslie3475@test.com,70kAMh8*%
3190,Amanda Phillips,amanda1905@company.com,QN2G7yFaw!
3191,Spencer Johnson,spencer8905@company.com,(#3VdCtc
3192,shawn gonzales,shawn9410@test.com,L73UBlee$
3193,Amber Ball,amber1243@outlook.com,I^t91EEd
3194,James Crawford,james1340@outlook.com,$1yIk)BD+V
3195,John Green,john3105@outlook.com,&QePP%)k03
3196,Erin Meyers,erin5126 @ mail.com,w#8Z%om
3197,Jennifer King,jennifer2483@gmail.com,Eg$9PQBc_S@1
3198,Christine Robinson,christine8866@yahoo.com,+2It#d
3199,Zoe Rodriguez,zoe7545@gmail.com,#9PGopR!
3200,Lisa Bray,lisa8344@gmail.com,frEzcX1N)2V
3201,Alan Dunn,alan7252@yahoo.com,4lyVt+*G@
3202,JENNIFER RAY,jennifer7437@company.com,Utx1_Wr_C&!
3203,Samantha Hunt,samantha2678@outlook.com,gHU24*Yf&L+8
3204,Andrea Clay DVM,andrea5556@outlook.com,V#09Jq+%iQ
3205,Angela Smith,angela3527@outlook.com,!l2AbzB
3206,Adam Smith,adam8777@yahoo.com,*0ZKfTUq
3207,Jason Simon,jason5576@outlook.com,@1E8!2Xp
3208,laura dalton,laura9869@yahoo.com,m*1ERaP
3209,,,T@6Ej5Jdn
3210,Kayla Yoder,kayla1063@yahoo.com,#hqJb7sVoe7
3211,JAMIE GARCIA,jamie4032@gmail.com,W4$p5wNth^
3212,Anthony Rodriguez,anthony343@company.com,(P!#8RaY
3213,Carrie Shelton,carrie8149@mail.com,^ZtBiIHN3h
3214,Michael Henderson,michael4176@yahoo.com,D9^)Jn8b&
3215,Mrs. Haley Mitchell MD,mrs.6647@yahoo.com,_Y#l68Kma&cK
3216,Joseph Morris,joseph2281@outlook.com,*%20Zx
3217,Sheila Graham,sheila3987@outlook.com,%oFCjg)jE45N
3218,SETH FARMER,seth7270 @ test.com,&18UOr
3219,Joanne Medina,joanne4094@gmail.com,J&r51cEcY4_
3220,Tracie Lawson,tracie554@gmail.com,9+3DI!c
3221,Tammy Wright,tammy3852@company.com,!m2$SdLq
3222,,,EFCwuMk8*7
3223,Pamela Chung,pamela218@outlook.com,58wJUntA(7
3224,Ashley Booker,ashley815@test.com,_bPtc#J+l2
3225,Mary Houston,mary3481@mail.com,^L1*!ZLc
3226,Robert Reyes,robert320@mail.com,@8v4Nd
3227,Jessica Wright,jessica699@outlook.com,
3228,STEPHANIE TODD,stephanie1108@gmail.com,O7R^^nmv$LoT
3229,Travis Clark,travis4022@yahoo.com,T*Q1GdtX
3230,Gwendolyn Torres,gwendolyn9234@outlook.com,m%7Dh8yV
3231,Rachel Cruz,rachel2101@mail.com,_3zRwxIesOa
3232,George Suarez,george7936@test.com,m$8BWUsa
3233,Mary Moore,mary5416@outlook.com,d$3U^v7m!F
3234,Brian Hernandez,brian1528@yahoo.com,i(2CO$t4y!
3235,Carol Rogers,carol3398@yahoo.com,E9Ca4iEsyc_q
3236,Jesse Harding,jesse254 @ company.com,y*N6EZiawI
3237,TIMOTHY WEAVER,timothy7644@gmail.com,+4zT1lGS4e9
3238,Christine Galvan,christine3652@company.com,qDVjEels@x5!
3239,John Mccann,john4742@yahoo.com,@9H^aQ8
3240,Jaime Duncan,jaime5234@outlook.com,_iQPipJUh8V
3241,Michael Marshall,michael8820@yahoo.com,
3242,Justin Roberts,justin2005@mail.com,Vm!O7TYont
3243,Katherine Marshall,katherine3322@company.com,@1IXf%
3244,Daniel Wilson,daniel8510@gmail.com,@2A^Si#
3245,Carolyn Mercer,carolyn2028@outlook.com,#6KoD^f
3246,RONALD ALEXANDER,ronald6806@yahoo.com,R$1Olk!
3247,Susan Stewart,susan1063@outlook.com,W#VAUjkmc&4
3248,Danny Crawford,danny2186@mail.com,_1Jz^t
3249,,,IX_5UQu
3250,Raymond Chavez,raymond4747@company.com,+@w7Wd9
3251,Beth Reed,beth4673@gmail.com,$v2_WUc
3252,John Garza,john3426@test.com,ce$h$7Yr!%7K
3253,Bridget Clark,bridget6851@mail.com,password
3254,Edward Nunez,edward3836@mail.com,j3E5DdsK_
3255,BRANDON NELSON,brandon6521@mail.com,&43vLYtkLv
3256,Debbie Waller,debbie3772@outlook.com,r$08Fp
3257,Amanda Greene,amanda4145 @ company.com,j16^RRqT!b3B
3258,Tammy Woods,tammy26@outlook.com,*Sx0Au
3259,Deborah Lee,deborah2184@test.com,%oV7Tl
3260,Mary Anderson,mary6874@test.com,&52LwAK
3261,Kristy Camacho,kristy2811@yahoo.com,8J@OV9Sqkmw
3262,Brittany Martinez,brittany7078@company.com,N9#v7Rw
3263,,,Ud%0A3)e
3264,Robert Wallace,robert6765@test.com,^P9r6PvK3ym
3265,Jonathan Santos,jonathan7105@yahoo.com,+qB2YTwx^^g@
3266,KAREN ODONNELL,,%&9L%IiW
3267,Brittany Garcia,brittany1323 @ company.com,#37F$&r
3268,William Reyes,william1380@outlook.com,&uGZbFzL1
3269,Cody Wilkerson,cody3048@mail.com,$4OVaU
3270,Lucas Roy,lucas8858@test.com,PpG3^n4++6M
3271,Jasmine Hunt,jasmine6484@yahoo.com,v)3Fog
3272,Kevin Sanders,kevin2313@yahoo.com,*8Hm5F
3273,Jacob Parks,jacob4365@gmail.com,D#N4$Bj!v
3274,Jason Cole,jason2645@gmail.com,di3ZmQbe+g1
3275,Sue Miranda,sue427@company.com,ni#2PjLquy
3276,Calvin Mason,calvin6345@company.com,4p+VY$&U!d
3277,Joel Khan,joel7866@company.com,$+RScLZTo2
3278,Christine Serrano,christine1690@company.com,+@1Bay
3279,Jerry Perez,jerry7179@gmail.com,u#5C_*ktk
3280,Robert Moore,robert6696@outlook.com,WTo1BCd(IKJ^
3281,Marcus Harvey,marcus2708@company.com,N@4LpIrsN
3282,Lance Atkinson,lance235@outlook.com,QIaVBEru^9K
3283,Earl Harris,earl2428@yahoo.com,$3aFs3
3284,Amber Burnett,amber5166@mail.com,%&$l%Xx*2!Y
3285,Edward Elliott,edward1959@gmail.com,&i2Pq@n
3286,Erika Woods,erika190@test.com,)^9wI*h0O1
3287,Lindsay Butler,lindsay689@company.com,@Q2MLxc_g1
3288,Margaret Cox,margaret3520@test.com,(i2@Hc
3289,john smith,john9880@yahoo.com,Gn7UbyXPC!
3290,Mark Perry,mark5621 @ mail.com,I#6hUrj
3291,Nicole White,nicole3709@mail.com,^_dv%NZmN)n9
3292,Melinda Morton,melinda9479@yahoo.com,3(74R7Bj^
3293,Lisa Lambert,lisa1822@gmail.com,I%BNA+eyt&9
3294,Wendy Smith,wendy7688@mail.com,)8UXU)q#
3295,Noah Carter Jr.,noah149@mail.com,%8#sfuuOzXY+
3296,Mr. Philip Beltran,mr.470@yahoo.com,(5dEK4ta_2
3297,Amy Hernandez,amy1837@outlook.com,V^7Szr6
3298,Steven Molina,steven472@outlook.com,&LD_7Jk
3299,Wanda Walsh,wanda2120@outlook.com,O+7_Uro
3300,samantha hill,samantha4784@yahoo.com,*TSAanFY9
3301,Matthew Walker,matthew9897@outlook.com,8D3Gokpk%@6
3302,Julie Wong,julie4401@mail.com,hC1Puao9g%5
3303,Nicole Macias,nicole273@yahoo.com,$M6TIfb
3304,Kevin Downs,kevin7777@mail.com,us!5A5DyF5#
3305,Ronald Lynn,ronald583@yahoo.com,FpW@8Cb
3306,Nathan Parker,nathan2574@test.com,uT76R@@l!#
3307,Michael Eaton,michael8950@company.com,p5$WDw3U!
3308,Jeffery French,jeffery3062@outlook.com,PrN!y9iE7ko
3309,Dana Rogers,dana5210@outlook.com,p$1SdV@%
3310,Marcus Beck,marcus2365@yahoo.com,#!j4#dNn)
3311,Omar Kemp,omar448@mail.com,*il3EBx
3312,Derek Smith,derek1687@mail.com,&3EkdpRWQw^*
3313,Kent Preston,kent3304@yahoo.com,#NV5Z3yoA_
3314,Robert Hammond,robert6242@company.com,@ClmHbq9dG3
3315,John Graham,john8186@outlook.com,yqI!u1$To96y
3316,Donna Henderson,donna765@mail.com,&iogyARt8xA
3317,Shaun Scott,shaun9698@gmail.com,4hR(XPdP+VrU
3318,Ashley Sims,ashley8900@gmail.com,$y5*Daq
3319,Ariel Downs,ariel4615@yahoo.com,&U3AaW
3320,Nathan Walker,nathan9079@yahoo.com,$6oOLElV)
3321,Kenneth Hernandez,kenneth2405@gmail.com,X(I2oYAm
3322,Mitchell Turner,mitchell2718@test.com,5Wg@4VzbW&Tr
3323,Laurie Brown,laurie3811@company.com,I2TKV(^8+tg
3324,Monica Zimmerman,monica7381@company.com,@eZn1+Yj
3325,Brian Duke,brian1964@test.com,hq22Ofuoh@*n
3326,Diana Ellison,diana8886@test.com,)cLC6*BYZ1nt
3327,Danielle Garcia,danielle1243@yahoo.com,o(K71TzOLnn
3328,Alex Sutton,alex9168@yahoo.com,@QZnbLqNDS4i
3329,Tiffany Brown,tiffany6513@outlook.com,+6!L3dH#a
3330,Scott Walters,scott1536@yahoo.com,HB2qOm&X&!
3331,martha howard,martha6390@test.com,_81JotN
3332,Pamela Smith,pamela8637@mail.com,_Y2UMo
3333,Christopher Davis,christopher8617@yahoo.com,t5+2QFIo
3334,Christopher Hoffman,christopher5941@gmail.com,)0E@Az
3335,Corey Gutierrez,corey5132 @ gmail.com,#70EoM
3336,Tiffany Byrd,tiffany1279@gmail.com,hP_5V$Bg4&
3337,Dana Miller,dana4485@gmail.com,%TceYCm7o7U4
3338,Wesley Murray,wesley5900@yahoo.com,&2Uojp@t
3339,John Gomez,john5281@outlook.com,$8DDMrWo
3340,George Williams,george6343@outlook.com,
3341,Amanda Thomas,amanda3202@outlook.com,!pd4iKv
3342,Maria Powers,maria7840@gmail.com,#Og^Oz7Qm9U
3343,Sarah Richards,sarah7884@mail.com,_%1D*gD
3344,Derek Hull,derek9566@gmail.com,E)R_HCJb&!&2
3345,Christopher Odonnell,christopher5556@test.com,P^2Tgo
3346,Amanda Brown,amanda9691@company.com,S9OjUp2OMK*
3347,Javier Rush,javier1208@test.com,*MKX33Cx)
3348,Mr. Carlos Taylor,mr.6558@gmail.com,w$8sBqib
3349,Gregory Fisher,gregory8547@gmail.com,w%0tEeGgl^4
3350,Timothy Fletcher,timothy1833@yahoo.com,)3IGVz
3351,Robert Hickman,robert9015@company.com,Op8ADh#tH&
3352,Richard Galloway,richard5560@outlook.com,j)IQF@5bpN4
3353,Scott Hernandez,scott785@gmail.com,(6Mn1#Ix
3354,Mrs. Judith Jones,mrs.6440@yahoo.com,&6Q5wi
3355,Anthony Miles,anthony693@test.com,Cc0Wpi#0Y!
3356,Kristy Guerrero,kristy3007@company.com,@6bGYKk
3357,angela myers dds,angela8240@company.com,U@94Tq
3358,Douglas Donovan,douglas7049@company.com,
3359,David Stevens,david169@outlook.com,
3360,William Johnson,william3789@gmail.com,#*3!TGtt
3361,anthony franklin,anthony6037@outlook.com,p$!3jQvVL
3362,Jennifer Trujillo,jennifer8674@company.com,
3363,MATTHEW BURGESS,matthew2054@outlook.com,Wo7t+qrR!N*L
3364,Cody Watson,cody6757@mail.com,$_@14DsrKn#5
3365,Christina Johnson,christina1780@mail.com,c5(4l6Jq4Y$h
3366,Brandon Clark,brandon9724@outlook.com,%8RpC5
3367,Jessica Phillips,jessica2887@gmail.com,+0NwhWoU
3368,Ashley Allen,ashley8479@mail.com,7v6Bj!Ac$fN
3369,Charles Alexander,charles3122@mail.com,6tNEW$fW^Oxa
3370,Caitlin Thompson,caitlin926@yahoo.com,*84J1H3g)gf5
3371,Mary Davis,mary5640@company.com,$5fBigf
3372,Lori King,lori8624@test.com,%_2IbS0XlcAp
3373,Emily Simmons,emily6077@mail.com,l(72W1Fp
3374,Stacy Mcdonald,stacy8051@mail.com,W3V(WDWmh%
3375,Kimberly Huang,kimberly3112@company.com,&2ZqZfQc
3376,Timothy Rice DDS,timothy8342 @ test.com,s@2IqQjXBQx0
3377,Mary Taylor,mary4872@outlook.com,6#b6VuMvO7
3378,Kimberly Fernandez,kimberly1458@yahoo.com,)yX&+LHWf12
3379,Peggy Watts,peggy5181 @ yahoo.com,#GvQ2COw*$
3380,Thomas Gamble,thomas5656@yahoo.com,^7i#N$o&
3381,Rebecca Powers,,$x!4Al
3382,Ryan Lester,ryan7368@yahoo.com,@I&5Tk
3383,Cody Sanchez,cody7774@yahoo.com,f)7HwNk
3384,Nicole Beasley,nicole6663@yahoo.com,ss348wNY#%8K
3385,Michelle Adams,michelle765@yahoo.com,eE1JgZtA&Dp
3386,EDGAR SCOTT,edgar5976@yahoo.com,_M8IMUk8*
3387,Heather Padilla,heather877@company.com,^ZsBHfehd9P
3388,Edward Scott,edward5767@test.com,^2*G4Rhw
3389,JUSTIN MARTINEZ,justin3904@outlook.com,AM8fQ2kmw*_r
3390,,,68qIg$ho_V8a
3391,,,GTe$2Oh
3392,Stephanie Salas,stephanie8737@test.com,Q@8Ldi
3393,Julie Davis MD,,I67DRKyH$d7w
3394,Nicole Russo,nicole4544@company.com,m9T(+Ptx9d7+
3395,Charles Woods,charles8080@mail.com,Y5Hujhht_f
3396,Steven Butler,steven9591@company.com,$%T8eCTb
3397,Anthony Mckay,anthony5017@company.com,(5YPFrcl(
3398,James Schultz,james9131@mail.com,6_p7X7(y_vE0
3399,Taylor Gutierrez,taylor4163@mail.com,4^Z4Our
3400,Phillip Barrett,phillip2381@mail.com,#OmqILSxGu7K
3401,Nicholas Caldwell,nicholas498@yahoo.com,j+6uZDj
3402,Cynthia Clark,cynthia2230@yahoo.com,h8VZMdrH)
3403,Katherine Brown,katherine1298@mail.com,!6c$2DKkZupT
3404,Melissa Garcia,melissa2579@gmail.com,_^12HJa
3405,Derrick Ford,derrick8501@gmail.com,+a@9Yg
3406,Natalie Wu DVM,natalie6188@mail.com,yg^6sYst
3407,Jim Miller,jim1283@yahoo.com,8L&51MjmU*e
3408,Christine Carter,christine2219@yahoo.com,3FEoqxxG^$T
3409,Debra Williams,debra7663@company.com,r7&AXexd@qBX
3410,Miguel Moran,miguel9310@yahoo.com,@A75Qo
3411,Michael Taylor,michael8179@gmail.com,gR^5RKj
3412,Kimberly Contreras,kimberly2718 @ gmail.com,8AxHbOhr@M
3413,erika lee,erika5508@mail.com,*71&UYxv
3414,William Walton,william6387@gmail.com,)En0!Yr%6_6S
3415,Thomas Snyder,thomas7394 @ gmail.com,se_F_tXcv%4M
3416,John Holmes,john1025 @ gmail.com,p!jJ6RHu
3417,CHRISTINA ALLEN,christina5920@gmail.com,gV3rPeW*%
3418,Susan Johnson,susan3400@gmail.com,rUY4IXnz(
3419,Tyrone Keller,tyrone9543@test.com,P2Tjk4aT^
3420,Rhonda Watts,rhonda9042@yahoo.com,bm_E3Jc
,Keith Hernandez,keith7128@outlook.com,fLD!0KYqa
3422,Christopher Miller,christopher8407@test.com,#NAME?
3423,Stephanie Rodriguez,stephanie3345@company.com,k4Xy&Vjw(
3424,Paul Roman,paul7296@outlook.com,)K58CVu
3425,Karen Taylor,karen7365@gmail.com,*D*78TFg
3426,MICHAEL RUSH,michael2492@company.com,9S+$m+gZ+j#C
3427,Samantha Munoz,samantha7106@company.com,BfS5I@iN&27
3428,Susan Bowman,susan3941@mail.com,YX@4Vh
3429,Amanda Rivera,amanda3264@gmail.com,N#J71CjWo3
3430,Cheryl Williams,cheryl4609@yahoo.com,PXS3X+nCE!d
3431,Charles Escobar,charles2292 @ test.com,0OWm#+pU!
3432,Thomas Harvey,thomas1966@outlook.com,gi0R2nvy+
3433,Nathaniel Smith,nathaniel3864@gmail.com,E6qoRtJ#!73^
3434,Sergio Reyes,sergio5916@company.com,)1#oM#mwxjw
3435,amanda smith,amanda152@company.com,^3IUUo
3436,Amanda Grimes,amanda9140@gmail.com,!6ba1Vf
3437,James Jones,james537@yahoo.com,!DTkjILb7qN
3438,Vincent Rasmussen,vincent1692@company.com,Saq_+9Gb
3439,Christina Davidson,christina4563@mail.com,b(b3NHoyr
3440,tim mcfarland,tim5789 @ gmail.com,x%6DPtzmy&9
3441,Molly Shannon,molly5292@mail.com,#q5t_4I^((A9
3442,Anthony Bennett,anthony5328 @ outlook.com,@7L8uuhi
3443,Andrea Palmer,andrea2034@company.com,yp6PBAac(rv
3444,mary taylor,mary346@company.com,(xS_3R%t
3445,Gary Snow,gary6061@company.com,)4F$Sms
3446,Katherine Beck,katherine7651@test.com,@^Z1SIzMVq
3447,Peter Harper,peter6960@yahoo.com,K6hG#q0C%3o
3448,Jason Flores,jason8906 @ test.com,s9xlu+!r(7P
3449,ELIZABETH MELTON,elizabeth263@yahoo.com,Q@6VUbb^W
3450,VERONICA FORD,veronica8757@yahoo.com,
3451,Veronica Mcdonald,veronica1489@outlook.com,#NAME?
3452,Jorge Ortiz,jorge5406@yahoo.com,)K_1nMyhguX
3453,Jeffrey Gonzales,jeffrey3606@mail.com,IR*B8XVzGO%
3454,don diaz,don8543@gmail.com,@4W2iEUk
3455,Tiffany Lopez,tiffany8840@test.com,$0JuLmp#tA
3456,Sandra Mejia,sandra1015@company.com,qGzjWaC$*6I
3457,BRANDON RUIZ,brandon9208@outlook.com,+6O3u4ki
3458,Eugene Diaz,eugene3800@yahoo.com,o$5QAqsb
3459,Jessica Lewis,jessica5735@yahoo.com,1(FEmEwuHj37
3460,Matthew Kennedy,matthew7815@gmail.com,e1+wEDFeLnK#
3461,Tamara Neal,tamara8766 @ outlook.com,!yRnxsXN2@i
3462,Jessica Hernandez,jessica4662@gmail.com,&2JN(z
3463,Brianna Smith,brianna9185@yahoo.com,EHM)VsC)v2dE
3464,Eugene Smith,eugene9063@yahoo.com,$%99NJcv!
3465,Kimberly Rose,kimberly1514@mail.com,%Zl5Xj
3466,Roger Gonzalez,roger4245@outlook.com,t7gUAmMg!q
3467,Sean Kelley,sean924@gmail.com,&2FnpR
3468,Pamela Weber,pamela7395@yahoo.com,^%F3nOtT_cJ
3469,Erin Barrera,erin6145@outlook.com,*d@9FKg
3470,James Richards,james7424@yahoo.com,sk*g2B3yl(A
3471,Michelle Scott,michelle451@yahoo.com,^KA0Fh
3472,Joseph Finley,joseph7537@mail.com,i*^1Hz
3473,,,O*6PHlq
3474,ANTHONY MADDEN,,*1FlVI_)K
3475,Maria Edwards,maria9922@test.com,3+N8Cr
3476,Michael Hendricks,michael3044@test.com,+65LEc
3477,kyle kim,kyle2383@gmail.com,2^0AV*Jr
3478,Bridget Snyder,bridget901@test.com,&Y#33!Dc
3479,Jonathan Livingston,jonathan4410@yahoo.com,password
3480,Dylan Martinez DVM,dylan5645@mail.com,_4puWWPdvn1
3481,Alexis Ewing,alexis1399@test.com,mF0ImD%G8&A
3482,Jordan Hernandez,jordan1528@company.com,*H2+RpBb
3483,Arthur Dean,arthur4261@company.com,^j3_Su
3484,Raymond Mccall,raymond9721@outlook.com,i$5G#aM
3485,Amy Harris,amy4530@yahoo.com,L+873Xcs&d
3486,Logan Garcia,logan7585@test.com,&0ZdxK
3487,Sandra Nelson,sandra9336@company.com,W#D1E*nN
3488,,,e5@3Ps
3489,Valerie Brown,valerie8744@company.com,!i6xDkAtOa
3490,Geoffrey Hampton,geoffrey7769@test.com,#yG7Gy
3491,Mark Carroll,mark4573@outlook.com,K$37RYZf
3492,Rachel Ho,rachel8354@mail.com,9q6XRH+hG^GY
3493,Lisa Anderson,lisa756 @ company.com,^9xFnW3
3494,Elizabeth Cook,elizabeth6124@mail.com,#EIN!m3y%5Qw
3495,BRITTANY HOLMES,brittany7143@test.com,x%80FuMpJE7
3496,James Armstrong,james6221@mail.com,(4Zurs
3497,Tina Case,tina3172@gmail.com,E!V13Zq39T
3498,Angela Lawson,angela5090@mail.com,#5RY*c
3499,Nicole Perez,nicole6708@yahoo.com,Vv5nBFXm&9SN
3500,Mark Ballard,mark5900@gmail.com,09OYRqNH@
3501,BRITTANY CHAN,brittany1153@yahoo.com,&o)a2QyQ
3502,Megan Scott,megan6094@outlook.com,U&#nsus6%Dp
3503,Emily Mclaughlin,emily2171@company.com,SleK5dMtn(T7
3504,Emily Howard,emily8945@yahoo.com,%63%&YqlQ2%5
3505,,,+)0F^pNcRM
3506,Jordan Cannon,jordan5075@company.com,y@7KhBpOth
3507,Cheryl Jones,cheryl3241 @ gmail.com,%V0MMtvrQJ8A
3508,Mark Chavez,mark2787 @ mail.com,0k(r9tAjqBA
3509,Keith Miller,keith2678@mail.com,nT9HHVje*ay
3510,BRENDA FIELDS,brenda6035@outlook.com,v61T_gkb_(FM
3511,Ronnie Rivera,ronnie313@yahoo.com,#blj!1HtbCa
3512,Elizabeth Phillips,elizabeth4444@gmail.com,12__Rt%%%YNj
3513,,,$84xIz
3514,Jason Collins,jason2175@mail.com,#4Wb_i4i2DyC
3515,Jennifer Lambert,jennifer7937@gmail.com,J$t1VlzLM
3516,Carrie Rivera,carrie9602@yahoo.com,Cs0Sp2vi#h
3517,Pamela Smith,pamela304@outlook.com,Vx7QYHsrm#
3518,Raymond Taylor,raymond6194@gmail.com,$Qxjj4Np
3519,John Gardner,john949@mail.com,^3BuY+!EF@x
3520,Susan Brown,susan6435@test.com,7w8+1Fr
3521,Randy Patrick,,*X0(fWg
3522,Joshua King,joshua9818@mail.com,#^65Jc
3523,Benjamin Cochran,benjamin5087@test.com,&6I#Lxf
3524,Tiffany Webb,,cu2J+Usc+R
3525,Gerald Blanchard,gerald7599@company.com,password
3526,Thomas Howard,thomas5835@outlook.com,M@c6Jd
3527,Shannon Gomez,shannon7658@test.com,n8TtUC2W!%
3528,Joshua Duran,joshua7546@gmail.com,U!7IBye!j
3529,Donald Macias,donald3870@mail.com,A_*5Kdb(YV
3530,Carla Bernard,carla3265@mail.com,$O@8Xk
3531,JENNIFER HUERTA,jennifer2302 @ outlook.com,$VQlz_j#K6
3532,Nathan Gordon,nathan5670@mail.com,QS6iB0Tn@%
3533,Christopher Walker,christopher6813@company.com,3TmTdTzr!k
3534,William White,william7733@mail.com,s*6Kgo
3535,Linda Johnson,linda4065@yahoo.com,^i39Ny
3536,victoria pena,victoria7677@test.com,)@O9PWq
3537,Melissa Harris,melissa245@test.com,!XDq_9)I9VO&
3538,Curtis Welch,curtis314@yahoo.com,+A2%i_znYKS
3539,Kimberly Gonzalez,kimberly3899@yahoo.com,a*J2DiXo
3540,Tracy Anderson,tracy3872@gmail.com,gMsx9CiDZW_5
3541,Ashley Fields,ashley5321@yahoo.com,(mZkz*NlX5
3542,Brad Smith,brad4829@mail.com,I@7QCBj$
3543,Sharon Rogers,sharon2685@company.com,(uq83N7p
3544,Gary Freeman,gary570@test.com,#4CI$oK$gv
3545,Charles Fitzgerald,charles8544@outlook.com,$8N^yB
3546,Kristen Peterson,kristen2046@mail.com,OT5Z75Sru&
3547,ARTHUR BLEVINS,arthur7928@company.com,k^P1Qoe*$gG
3548,Logan Hall,logan3@outlook.com,*M4jZu
3549,Bobby Smith,bobby5912@company.com,D^e7Pnxh1
3550,Michael Solomon,michael2845@outlook.com,E@3XlF7
3551,DIANA KANE,diana6540@yahoo.com,%h7RMa
3552,,,+VaRPyC(1
3553,,,)%9I0o)$wvK
3554,Amanda Michael,amanda3815@yahoo.com,NrqHasAB+P7t
3555,Sarah Chen,sarah6076@gmail.com,3rcEAwn^&h
3556,Jeffrey Brewer,jeffrey9620@mail.com,@j0KYf
3557,john navarro,john3487@outlook.com,*6#1Gh%e
3558,john woods,john6040@company.com,!#@e4DhhP
3559,Christopher Ramirez,christopher2666@company.com,K$6Sykne
3560,Kelly Townsend,kelly8249@yahoo.com,+6R3i&
3561,Mrs. Sophia Moore MD,mrs.1114@outlook.com,3nIGytLM!5vL
3562,Brandon Fowler,brandon9303@yahoo.com,0F$e1AIq
3563,Brittany Mejia,brittany1576@test.com,$7FgY_o
3564,Angela Price,angela1214@test.com,!#UU$l5Hn7V$
3565,April Christensen,april2954@yahoo.com,8Rhkimt&#1uP
3566,Joel Cameron,joel6977@yahoo.com,%&_*Xi*cMS3
3567,Matthew White,matthew9429@outlook.com,f36cvJXn#
3568,Eric Williams,eric5500@company.com,5D4T%Qr#$92X
3569,Logan Woods,logan3198 @ gmail.com,w*B9_(Am_a
3570,Jody Bray,jody8573@yahoo.com,X%0rBt
3571,Megan Orr,megan4456@mail.com,Uj7UnB+6^@+z
3572,Paul Williams,paul618@outlook.com,^Xh3wFbs@
3573,JEFFERY NGUYEN,jeffery6440@gmail.com,CkCJoKxt_0
3574,Matthew David,,a*36FWo
3575,JOSEPH YATES,joseph5686@mail.com,p*K1OMtT
3576,Lisa Dickerson,lisa5862@gmail.com,E(1Rxa51
3577,Barbara Kline,barbara2370@mail.com,4$G2ahK8(
3578,Grace Oneal,grace4664@mail.com,sZo)6Xee
3579,Andrea Perez,andrea1973@gmail.com,b+P8Hf0YK
3580,Krista Wilson,krista941@mail.com,^)8O_8c(
3581,Monique Owens,monique9358@outlook.com,_9H4t&Rn$@Bp
3582,Justin Higgins,justin1058@outlook.com,$73pKFBe
3583,Hailey Brown,,37B0@Ok!)0z(
3584,Kayla Jackson,kayla1978@company.com,N)4Xm)g
3585,Christopher Mendoza,christopher210@test.com,45Zmfcg9+3R
3586,Mitchell Arias,mitchell3591@outlook.com,5(6I1pcp
3587,Kevin Tucker,kevin5510@company.com,_P7VWd@Qi
3588,Emily Moore,emily1342@mail.com,g!K%1Uo
3589,William Lopez,william1808@yahoo.com,tP$68Tma_G
3590,Alan Combs,alan5123@test.com,$4lEHt
3591,CRAIG SANDERS,craig805@outlook.com,Y(*4Ry
3592,Michelle Pruitt,michelle2066@gmail.com,password
3593,Gregory Herrera,gregory1127@outlook.com,Q&8DRexFm+I
3594,Kelly Smith,kelly4743@test.com,@5NAazV(CzZ
3595,Jerry Wilson,jerry8569@gmail.com,5&1Z5dFZK#
3596,CHRISTINA BROWN,christina4129@yahoo.com,
3597,Joshua Leblanc,,&2z)VDkqiowY
3598,Victoria Lambert,victoria273@gmail.com,S)0NTPm
3599,Christopher Cole,christopher6635@mail.com,iS(4dFwz
3600,melissa cross,melissa5346@outlook.com,r392PBBi+
3601,Erin Campbell,erin1887@mail.com,LAgE7QzziK%(
3602,David Webster,david8324@test.com,^j$8Euf
3603,Eduardo Kemp,eduardo198@company.com,v_5ZUm
3604,ANDRE JONES,andre314@company.com,J*7EpYVj
3605,Wanda Johnson,wanda6542@mail.com,+4HWImnU&
3606,Jennifer Yu,jennifer2507@gmail.com,H^#N5%UcAMg
3607,Keith Guzman,keith3221@mail.com,)I0Lg1to
3608,Stephen Evans,stephen2954@mail.com,WvX+3WjKNl*
3609,Tasha Shannon,tasha2286@test.com,)6*W6DNvo
3610,Javier Williams,javier6826@yahoo.com,^SX4Iby
3611,Jodi Greene,jodi2650@company.com,DY)I2Org$0W
3612,David Adams,david5351@mail.com,5_&7fJmd
3613,Zachary Brooks,zachary2006@outlook.com,+3Hmwg5Br
3614,Ariel Jones,ariel4008@gmail.com,nw%9K$a
3615,John Mccarthy,john2793@yahoo.com,^5JRkBu
3616,Brandon Crawford,brandon5173@mail.com,ZMXWFg8O+14
3617,April Huynh,april4835@gmail.com,123456
3618,John Lee,john2918@yahoo.com,Rvz^41Smp%Wr
3619,John Lynch,john7578@outlook.com,j4(w2OSyD
3620,Dr. Susan Zimmerman,dr.9071@outlook.com,&Ee7WRtxF
3621,Autumn Simmons,autumn6907@test.com,*NCp5Vy@2&9I
3622,Olivia Myers,olivia5025@yahoo.com,(9HTWdp)vjR
3623,Alex Hebert,alex3672@company.com,UR&MsEIlQ+1I
3624,danielle diaz,danielle334@outlook.com,*M2Y6p
3625,Jill Garcia,jill4334@company.com,e1+2NCjhg(qy
3626,Misty Wells,misty1333@gmail.com,+aH+7Qm
3627,Mr. James Calhoun Jr.,mr.4477@outlook.com,*0tTfh4t
3628,Brittany Sosa,brittany9978@gmail.com,#+t0FxCq
3629,BRENDA WATSON,brenda9738@company.com,@5XPW&e
3630,Edwin Newton MD,edwin8528@company.com,_6Cy^q
3631,Jason King,jason9580@outlook.com,du_52NZl
3632,Rebecca Taylor,rebecca9097@mail.com,_%6Mfqf
3633,Jamie Mcclain,jamie8418@gmail.com,$3QEAX)g88Bw
3634,Jose Davis,jose1254@test.com,xSC^S8Mh
3635,Bryan Carey,bryan6859@yahoo.com,NGbPEz!g@1
3636,Jennifer Holt,jennifer5941@outlook.com,f@0Hn_
3637,Mary Moore MD,mary649@company.com,%^x5Aj
3638,Kelly Maldonado,kelly8290@yahoo.com,iYUN!%jIx$0
3639,Janet Hernandez,janet5158@gmail.com,$2VWBkm
3640,SUSAN DUDLEY,susan2802@company.com,+t%3Clgbh
3641,,,@$f7Xn
3642,Ann Fernandez,ann5164@yahoo.com,
3643,Larry Lester,larry2570@gmail.com,5snsU#VJR^7j
3644,Mr. Jacob Moore III,mr.5131@test.com,V0WrS6ca@
3645,Katie Adams,katie9109@test.com,PAdAoFs(xE8+
3646,daniel hawkins,daniel7353 @ company.com,123456
3647,Carrie Garrett,carrie8800@yahoo.com,mp#g9Ig*
3648,robert morris,robert3945@mail.com,_1DqQzk
3649,charles graves,charles710@yahoo.com,)1$7Wc3O^
3650,Patrick Allen,patrick3996@mail.com,(h_3KgVe
3651,JEREMY KELLEY,jeremy8924@company.com,(1u3GVRbZ
3652,Tonya Clay,tonya6786@gmail.com,%A93TXtE
3653,Julie Mccarthy,julie9717 @ gmail.com,@5hX)Own&n0t
3654,Janice Lee,janice4444@gmail.com,yK6Jx)p3(
3655,Jacob Hall,jacob882@test.com,f^2L&mOpd
3656,Lisa Jenkins,lisa173@gmail.com,%K7MHovh^
3657,Vincent Bailey,vincent8663@test.com,%&6QPcb
3658,Dr. Deborah Beard,dr.523@outlook.com,!F6POv
3659,Christina Preston,christina6793@gmail.com,^3OUVhA
3660,Kelsey Pineda,kelsey8129@mail.com,&4zjhNkz
3661,Tina Scott,tina8294@company.com,_id7FyKo)
3662,Heather Holland,heather4449@outlook.com,$7aUKC_ckO&
3663,Karen Collins,karen3919@gmail.com,_z6%ak!Mw*C
3664,jack smith,jack4360@yahoo.com,
3665,Audrey Jones,audrey3297@yahoo.com,#1TVRae1C
3666,Autumn Martinez,autumn4010@mail.com,!8UIMj
3667,Dana Williams,dana6737@test.com,9_0!DQWz
3668,Alicia Bennett,alicia2402@yahoo.com,#0oNIHua%
3669,alan roberts,alan1238 @ yahoo.com,+16cI7la
3670,Mary Davis,mary839@test.com,@jVpMmLW50
3671,Dr. Darren Harris,dr.6437@gmail.com,)&XJEXsu98V
3672,Richard Cardenas,richard7318@outlook.com,*4SF2h
3673,Yolanda Bender,yolanda4396@outlook.com,2$9GnKYN
3674,Robin Lawson,robin8220@company.com,#@C2VyE
3675,Patrick Cisneros,patrick5926@gmail.com,!vDRvC3lA5
,Allison Pierce,allison6424@outlook.com,^e3Z3xL
3677,Kelly Morgan,kelly6791@mail.com,*0^VGz_m
3678,Randall Webb,randall7190@outlook.com,_34Zma
3679,Taylor Watkins,taylor7728@mail.com,ZV8MzS&h*b
3680,Kayla Sanders,kayla3797@mail.com,!3Kllj
3681,Sharon Hodges,sharon7975@outlook.com,#2XWVa
3682,Matthew Smith,matthew25@gmail.com,_+0OLw
3683,Rebecca Valencia,rebecca3751@test.com,(w2sBUi
3684,Teresa Bailey,teresa7680@test.com,%BI3!ZxC8
3685,Preston Alvarado,preston8729@gmail.com,93Weq3K0*
3686,Curtis Johnson,curtis4385@gmail.com,(_1X4l
3687,Rebecca Murphy,rebecca5502@company.com,k!FsZsnk%2
3688,Alexander Ortiz,alexander4548@test.com,!M7L$g
3689,Cassidy Anderson,cassidy1049@yahoo.com,s@F76zIhLH(
3690,Patrick Wilson,patrick4489@gmail.com,a$5Juus%*
3691,Katrina Gregory,katrina5473@company.com,O^9i*F0b
3692,david roberts,david9778@mail.com,Y%9IFsF
3693,Aaron Walker,aaron2244@gmail.com,^$e0Tgp5*3EB
3694,Kimberly Hughes,kimberly1539@yahoo.com,&1kN_lE$
3695,Kristen Lynch,kristen2700@mail.com,n@c5Lxr
3696,Christina King,christina1501@outlook.com,_29UtA
3697,Ashley Hood,ashley2642@test.com,7^2cBsmq)@LI
3698,Krystal Schmidt,krystal8773@company.com,^4G^2+y
3699,Samantha Brown,samantha7808@test.com,!i+1mAg
3700,Angela Young,angela9520@company.com,$1pHN*l9&
3701,Austin Anderson,austin5973@yahoo.com,M@dg6Uag
3702,JASON BAILEY,jason3808@test.com,j#J17Ffymg
3703,Charles Gordon,charles6003@company.com,&4(&VGdpMAZ)
3704,DAVID WATTS,david7147@outlook.com,QZP+11wp^0
3705,Patricia Shelton,patricia7385@yahoo.com,Jm(5UNPe
3706,Patrick Davis,patrick1709@yahoo.com,Sf@cm0Ko^
3707,Kristina Nichols,kristina4367@yahoo.com,!36JEYi
3708,Adam Gentry,adam4817@company.com,RYmZD%ioM&0
3709,Wendy Thomas,wendy1782@test.com,f3xSNE&j^
3710,Roy Garcia,roy7019@yahoo.com,&ih4qOer7ggp
3711,Daniel Clarke,,O^4SX8g
3712,Traci Stevens,traci408@test.com,
3713,Kelli Henson,kelli7517@mail.com,+9WTgq)zkR
3714,Amanda Young,amanda3877@test.com,@283Pr6
3715,Stephanie Byrd,stephanie7594@company.com,ep0sC#o2F!
3716,Carolyn Rowe,carolyn4858@company.com,v@$5N2h0sS
3717,Shannon Mendoza,shannon8166@test.com,!4BAg0
3718,emily williams,emily9356@company.com,c2PABEUM#t
3719,Michael Hunter,michael8372@gmail.com,+2xZWl
3720,Chelsea Wilcox,chelsea7675@mail.com,#T0Aeb!fS@ON
3721,Gregory Wyatt,gregory1849@outlook.com,^2Y%sN
3722,Ian Brown,ian2931@company.com,*3BaAiu
3723,Lisa Roberts,lisa2171@mail.com,$3Wc7sV$l)Z
3724,James Phillips,,&yh6Wz
3725,garrett wright,garrett4315@company.com,a6koR&n^(xu
3726,Victoria King,victoria5076@mail.com,dv+a96Hw0
3727,Ashley Craig,ashley2550@outlook.com,%^r3Zg
3728,Darren Thornton,darren9927@company.com,OFoiJ0(oP+M
3729,Sarah May,sarah5578@mail.com,T_1yUmz
3730,Raymond Torres,raymond763@outlook.com,)3E^kz
3731,Raymond Perry,raymond3533@gmail.com,(@1LJM^d
3732,Vicki Fernandez,vicki8986@yahoo.com,SiO8YLdj_1qs
3733,JULIE WILSON,julie2635@company.com,
3734,Mary Torres,mary2833@test.com,#378Zq^BSCB
3735,,,_uEEatFB9
3736,Jeffrey Burton,jeffrey3999@mail.com,FotuZ#vn)9X6
3737,Lynn Thompson,lynn5697@outlook.com,k*2QwYNB4
3738,Jasmine Castro,jasmine189@yahoo.com,B6FGrgbF#%
3739,Jesus Neal,jesus2905 @ gmail.com,)51FmJL*a
3740,Julie Huang,julie1296@yahoo.com,^SY&Vr8ut6$
3741,Carla Brown,carla4413@outlook.com,jd^4$8Us!P
3742,Jeffrey Yang,jeffrey6428@yahoo.com,CJO!l&uoI@9X
3743,Janet White,janet9514@yahoo.com,08%(oLhj$
3744,AMY DAVIS,amy551@yahoo.com,#1Hdm$bx
3745,,,123456
3746,daniel jacobson,daniel4383@outlook.com,Y4rItRTu^
3747,Nicholas Nash,nicholas5793@outlook.com,$9Awl!i
3748,Melissa Mitchell,melissa6599@yahoo.com,0lp%2Kp^f
3749,LISA KRAMER,lisa742@company.com,#A9Fth%YL
3750,Caitlyn Miller,caitlyn4921@yahoo.com,+#QjBehcj3Iy
3751,Dr. James Thompson,dr.7446 @ test.com,Ks7CHC@i_A_
3752,charlotte sanchez,charlotte9496 @ company.com,^#2AwC
3753,William Dillon,william4117@mail.com,pgkd6Fi%&_2+
3754,Manuel Hall MD,manuel461@yahoo.com,^R55PiJ*(
3755,Victoria Hinton,victoria9508@company.com,
3756,Matthew Sullivan,matthew6198@company.com,@67AZB1fnE
3757,Karen Lopez,karen553 @ test.com,%5ZnzI2E
3758,Stephanie Cuevas,stephanie6432@mail.com,^YGNIfm#2a
3759,Melissa Moran,melissa2654 @ yahoo.com,(1hFh(hF#t&p
3760,tracy serrano,tracy7246@test.com,@I8AYSkn1
3761,Melissa Mooney,melissa1281 @ company.com,^@#lVkvjx07P
3762,Dustin Harrison,dustin9804@gmail.com,*9HQvG
3763,Kristi Smith,kristi5073@yahoo.com,!0APro
3764,Richard Roman,richard5110@gmail.com,!H1)Hn
3765,Mrs. Cheyenne Fox,mrs.9039@mail.com,%4I_zj6
3766,Richard Leonard,richard8295@gmail.com,+7KvE09&F5
3767,Shannon Wiley,shannon2331@company.com,%6)KSs
,Troy Parsons Jr.,troy2906 @ company.com,%5S6Fc
3769,Tyler Valenzuela,tyler431@gmail.com,)!s6Dp
3770,Mrs. Jessica Bennett,mrs.6450@outlook.com,%0blXmPw#KyG
3771,Michelle Ruiz,michelle1924@mail.com,#NAME?
3772,Amber Fitzgerald,amber7810@company.com,Gg78Adtd+2
3773,Joshua Whitehead,joshua8188@mail.com,*3iGl1oDoiq
3774,Ronald Lewis,ronald6622@outlook.com,*r9BoUK
3775,Jennifer Bradford,jennifer507@mail.com,&62TIDz
3776,Daniel Scott,daniel562@outlook.com,B2Gler%X+
3777,Tina Davis,tina9417@yahoo.com,$C634QyZEqx
3778,michael morris,michael998@test.com,!DB7Xw
3779,Rhonda Mendoza,rhonda7014@outlook.com,p_6KDosn#1%0
3780,Karen Gonzalez,karen6080@outlook.com,LpHdGmJs8+9O
3781,Elaine Jimenez,elaine643@test.com,V@&6YEa
3782,DOUGLAS EDWARDS,douglas9934@yahoo.com,$o8VOc
3783,Sean Doyle,sean2906@test.com,^6@Ry6
3784,PAUL ALVAREZ,paul8852@test.com,@Er*_9Uy
3785,Justin Pham,justin5673@test.com,GHWQgVBQb(5
3786,Stephen Hudson,stephen1786@mail.com,)5RJjv6S
3787,Dana Crosby,dana5295@gmail.com,(v7Kovk
3788,Priscilla Williams,priscilla6981@gmail.com,@5pb5FoP
3789,Elizabeth Murphy,elizabeth4040 @ company.com,)wdZ9FR4C+!3
3790,Andrew Irwin,andrew1446@yahoo.com,C56*6Sn
3791,Ashley Knight,ashley9189@mail.com,VKhb6vDq2@9
3792,Amanda Williams,amanda6294@gmail.com,%KT2Xq
3793,,,*4Scpe
3794,Jeffery Norman,jeffery343 @ yahoo.com,#NAME?
3795,Nicole Jones,nicole5523 @ mail.com,_(h5VVap
3796,Grace Chandler,grace2711@yahoo.com,o&ObMUzs%N5
3797,Felicia Smith,felicia9809@company.com,(m6MGetF_vEM
3798,Sharon Walker,sharon7167@gmail.com,ODnqW6sce%8
3799,Lisa Wright,lisa1021@yahoo.com,$v*6Gg
3800,Nicole Becker,nicole263@yahoo.com,#O*H5q+q^0G
3801,Sean Mcgee,sean8195@gmail.com,Y@7x_Wbv
3802,Richard Ramsey,richard9960@mail.com,@&_b5_HQMt
3803,DANIEL TYLER,daniel8985@company.com,OsETwUBv@9
3804,Pamela Nelson,pamela8594@outlook.com,Um*WD&vtJ&H5
3805,Theresa Rios,theresa1031@gmail.com,_%KHQcU9rr2
3806,Brian Williams,brian645@gmail.com,!+)9tMw
3807,Shannon Carr,shannon4363@test.com,9Bx&5GZdk
3808,Crystal Bartlett,crystal7408@gmail.com,w15*off)7nF
3809,Joanne Boyd,joanne4273@outlook.com,%m66+K0#6%
3810,Tyler Smith,tyler7696@test.com,08Pe0gS(!Pr
3811,Mark Suarez,mark7867@test.com,123456
3812,Adrienne Johnston,adrienne3732@mail.com,uU6JTqgf*t
3813,Connor Gonzalez,connor4201@test.com,#Jko#4Mp
3814,Jessica Green,jessica8649@company.com,@G0QGd
3815,Scott Davis,scott6885@company.com,^(3LG3z3A2
3816,Kimberly Matthews,kimberly1202@yahoo.com,K)4MGyd
3817,Kiara Franklin,kiara3391@company.com,!9GC0Dr7i
3818,Bailey Roberts,bailey3087@outlook.com,y2rKhBzG@NO
3819,William Smith,william2322@mail.com,prhJWOcv9fN)
3820,James Rodriguez,james9642@yahoo.com,S5R_B3xO@cMq
3821,Mary Fox,mary8213@outlook.com,!N5Zi7
3822,Kathleen Robles,kathleen6462@yahoo.com,(7mHWkW
3823,,,ZTIka2sh^#y
3824,David Williams,david4282@company.com,$fk4Qdrb
3825,Dwayne Guzman,dwayne2734@gmail.com,^x2VeRq
3826,Jamie Jones,jamie2251@test.com,b2%8Ioq
3827,Darrell Briggs,darrell7001@outlook.com,w%Gf6UwD
3828,Lisa Miller,lisa8228@yahoo.com,#NAME?
3829,Aaron Stewart,aaron306@test.com,@1TDi3n*
3830,Abigail Meyers,abigail5121@mail.com,)H56B@cf
3831,erin paul,erin666@test.com,password
3832,Gina Santiago,gina794@outlook.com,K!7J#FyfSTW
3833,Leslie Farrell,leslie4255@gmail.com,jPo79mmpd_$
3834,amanda reyes,amanda8846@yahoo.com,F2XilFRQ^
3835,Amy Buchanan,amy8832@test.com,&4(7Akt
3836,Mark Guzman,mark5209@outlook.com,fr&_7CCo@pL0
3837,Darrell Mitchell,darrell8910@test.com,ESCQ9Nfm$%CC
3838,Jeremy Collins,jeremy5632@yahoo.com,k!y7NpoqS+
3839,Meghan Young,meghan6818@gmail.com,hUGuv!Ol+2
3840,Ms. Lisa Robinson,ms.5855@gmail.com,$V@!6Npnek
3841,Sarah Wright,sarah3189@test.com,)r0Zjj!gn
3842,Michael Holland,michael8130 @ outlook.com,m4RWKvS6q)7H
3843,Christina Anderson,christina7689@gmail.com,(v1kQqu@XN5i
3844,Charles Lee,charles3048@company.com,$1r)A03HXyN
3845,Sherry Clarke,sherry8075@test.com,w@48wAty
3846,Beverly Kramer,beverly4827@mail.com,6)3FG0x$
3847,,,UD5fVcB%&
3848,Chad Adams,chad166@gmail.com,&M92Mpo
3849,Jeffrey Jones,jeffrey940@gmail.com,Wp5AQGmc&tpy
3850,Mr. Joseph Smith,mr.3717@outlook.com,#NAME?
3851,Robert Daugherty,robert5903@outlook.com,Av0T5j1v!SY
3852,Tina May,,!0i!Sx
3853,Brenda Page,brenda8815@mail.com,B6sFHsv+&
3854,Nicholas Mason,nicholas4865@company.com,$l&1KWm@X
3855,Jamie Torres,jamie7204@yahoo.com,$6m!YBKWf^
3856,Kevin Osborne,kevin6955@mail.com,#NAME?
3857,Diane Watson,diane1005@gmail.com,@0NXz&Bc
3858,Sierra Wilkinson,sierra1740@yahoo.com,4@yf9Mluj
3859,Traci Richards,traci5832@gmail.com,(!3Es!x6G
3860,Kevin English,kevin4753@yahoo.com,
3861,Colton Williams,colton1585@outlook.com,%7BX&Eew@
3862,Jerome Johnson,jerome6917@test.com,0OA82u5pv^_l
3863,Juan Acevedo,juan2782@mail.com,^2zJFn
3864,Laura Best,laura6710 @ test.com,(8eEriHeHW0
3865,Jeremy Bryant,jeremy4512@outlook.com,(X2gXa
3866,,,!7sFp2@M
3867,Brenda Martin,brenda3609@mail.com,tI9_N)f*S@Ih
3868,Veronica Mccullough,veronica7109@company.com,_p0Mvy
3869,Randall Price,randall4384@test.com,#2D6lv82d0
3870,Courtney Reese,courtney6592@outlook.com,B@FNimrTbU6*
3871,James Stafford,james7562@test.com,f(k3In
3872,Kimberly Gomez,kimberly5149@mail.com,*(u2sAs
3873,Antonio Griffin,antonio8136@test.com,q@8SWx&ehEgQ
3874,Rachel Riley,rachel9971@gmail.com,5&+14Ul
3875,Danielle Clark,danielle2438@yahoo.com,)7&*OwXy#
3876,brandon walton,brandon5566@gmail.com,)6VnAe+
3877,Yvette Miller,yvette2613@company.com,&4sRHvfWaB+
3878,April Chen,april1435@mail.com,7+aEi+r7_
3879,Benjamin Patel,benjamin9099@mail.com,(L5ELq(xsW#
3880,Brian Anthony,brian8469@test.com,%8T*6#NcJ)R
3881,Jacqueline Bautista,jacqueline9407@yahoo.com,(90NiEAs+K
3882,Michelle Williams,michelle7909@outlook.com,^5WW01c
3883,Rita Holloway,rita5932@company.com,6t7W8cou!4M
3884,Lindsay Howard,lindsay109@outlook.com,+56GOn
3885,Paul West PhD,,p!9Ez@
3886,Melissa Price,melissa4613@yahoo.com,^8ZOmueH
3887,Cassidy Rodriguez,cassidy4740@mail.com,@q^O+%lZ57&l
3888,Jacob Colon,jacob8347@mail.com,6gtSy3_h#p%
3889,Brianna Curtis,brianna4441@yahoo.com,+9BcNxh&+4
3890,Gregory Hernandez,gregory8497@mail.com,#2TeDWGz
3891,SHAWN BARKER,shawn5673@mail.com,l2AdzsQ*(
3892,Timothy Frank,timothy3631@outlook.com,!2_Wr#
3893,Patrick Johnson,patrick6258@test.com,B%2$mc0%rY(B
3894,Scott Greene,scott492@outlook.com,^if6#6HrR+8
3895,Mr. Carl Lawson MD,mr.5798@mail.com,^89Aq7
3896,Margaret Foster,margaret1801@test.com,Sh0Mi7Qs#
3897,Scott Bennett,scott5912@company.com,WI5M#u+#u*
3898,Scott Hernandez,scott2395@mail.com,)0LQevC
3899,Robert Jones,robert2247@gmail.com,5&gq0Upu@
3900,Brett Murphy,brett6644@outlook.com,)6o$OyWX
3901,ann mendez,ann2590@mail.com,)6gLcWj
3902,Andrea Sanders,andrea895@outlook.com,!f@u!Fxlp8M
3903,Heather Moore,heather152@yahoo.com,@!_8Ti
3904,Zachary Knox,zachary9994@yahoo.com,$9NO5qVm)0
3905,Brandon Hayes,brandon7226@yahoo.com,#k13Mv0
3906,Thomas Nguyen,thomas1074@company.com,8TbOJE4x!mt
3907,Jessica Johnson,jessica1474@company.com,#C4LKiAg
3908,Jason Ochoa,jason6876@test.com,*0ZtQy
3909,Jamie Alvarado,jamie1635@outlook.com,$ao7Jqp
3910,,,t#9HxGe
3911,Ashley Graves,ashley1060@outlook.com,Cr(5Tt
3912,Carol Murray,carol8164@test.com,$5SxWv
3913,Sydney Lara,sydney9047@test.com,^0Bq_nd
3914,Kathy Dominguez,kathy2253@yahoo.com,#gk5TXisRb
3915,Michael Flores,michael7104@test.com,&V3J(b
3916,tiffany brown,tiffany1526@mail.com,)6PVlHJ9+p
3917,Timothy Peterson,timothy7686@mail.com,!vo4WiGI8F)
3918,Kyle Burns,kyle1643@outlook.com,
3919,Donna Perkins,donna8885@company.com,o#7L#1oOSHRW
3920,Denise Leon,denise451@gmail.com,E%1A+l
3921,Jose Wood,jose1459@yahoo.com,%$s&8Re
3922,Donna Gordon,donna9099@yahoo.com,^7HHqwt(qFW
3923,Brian Santiago,brian5184@test.com,*5u^iPrY
3924,Mary Fowler,mary6326@mail.com,
3925,Gina Barnett,gina2464@test.com,z+m8Qc$Jj#
3926,Catherine Perkins,catherine4006@company.com,Re9AMP)H8%
3927,Jason Navarro,jason1447@test.com,K+34V!ik
3928,richard shelton,richard5366@company.com,t(7ihDh
3929,Julie Campbell,julie2026@gmail.com,#8LQnZinF#0
3930,Sherry Dorsey,sherry531@yahoo.com,L8r2s8Ru$p#C
3931,Jessica Rubio,jessica7529@test.com,@+%A3Mcw
3932,Michael Rogers,michael9106@outlook.com,@7ngXz9uPW
3933,Wendy Ramsey,wendy4163@company.com,)B1D+NbR
3934,Michael Krause,michael6805@test.com,(Pg2C5Vt+1
3935,MICHELLE SMITH,michelle9457@outlook.com,0yzCPxOx)%
3936,Nicole Bailey,nicole2259@yahoo.com,4hF%20je&
3937,Brenda Larson,brenda2028@mail.com,_%7V5t
3938,Nicole Anderson,nicole9225@test.com,sP^$3DnE
3939,Andrea Flores,andrea6432@outlook.com,&6eD0Nt$f
3940,Bobby Sandoval,bobby3181@outlook.com,Eq7N0Jjlk)
3941,Harold Bailey,harold6648@test.com,yhUP7ui%*9v
3942,Melanie Henry,melanie2396@yahoo.com,__*VY^eO4gx
3943,Lisa Prince,lisa2263@company.com,^3Agb+Rs
3944,Jordan Martin,jordan5025@company.com,^p87Klm
3945,Timothy Williams II,timothy6399@yahoo.com,%h%gzZlj_z6m
3946,Jennifer Little,jennifer4655@outlook.com,_4JH^4fF
3947,Beverly Cabrera,beverly1819@test.com,@O5yG#n&
3948,Kimberly Humphrey,kimberly393@test.com,#1RveW
3949,Matthew Ramirez,matthew8273@test.com,!&R3jA*v5i@S
3950,Vanessa Boyle,vanessa6750@mail.com,E7#X5UulR
3951,kendra bell,kendra1562@outlook.com,*47WSdId@S
3952,Jennifer Roberts,jennifer3946@mail.com,4uRDLtFe#
3953,Matthew Herring,matthew2801 @ yahoo.com,D*1Ypon0_Gl
3954,Angela Smith,angela6753@test.com,l@M1GVx3)JNB
3955,Daniel Nguyen,daniel8644@outlook.com,cyoTk(C$#fc5
3956,Emily Nelson,emily9893@mail.com,Q_h2b4Zvb
3957,Oscar Perry,oscar6139@test.com,J$n99(PnCg
3958,Joshua Cruz,joshua1491 @ test.com,3OUhY(Ne(lj
3959,Jill Weiss,jill6717@gmail.com,__dhU$9uJ6&K
3960,Aaron Harper,aaron7397@test.com,$W7P8GchPGU1
3961,Mr. Drew Lewis MD,mr.4841@yahoo.com,_jl6SkgU$
3962,Ryan Smith,ryan2054@outlook.com,#NAME?
3963,Christine Lane,christine494@mail.com,
3964,Kristy Rocha,kristy5673@outlook.com,mv&$IdA1YZ2J
3965,James Cox,james1244@outlook.com,y*oIkBi*Pu9$
3966,Michael Conway,michael7961@test.com,))QvP5ZshK
3967,Bethany Mckinney,bethany8607@outlook.com,SasZuhOne@4Z
3968,Aaron Bowman,aaron3399@outlook.com,(OIKv4Uv0
3969,Mark Robertson,mark4805@yahoo.com,)7_Lgi^(
3970,Jacqueline Velazquez,jacqueline2566@test.com,8Kq6qQ6g)
3971,Kristin Yang,kristin4863@yahoo.com,k#f4AVioz
3972,Natasha Lin,natasha6417@yahoo.com,!&2Cmnz
3973,Michael Cook,michael4989@test.com,%XYsHS%oV6
3974,Julian Gomez,julian196@company.com,
3975,Jessica Brown,jessica3984@mail.com,@@1ZdO%t
3976,Alexandra Foster,,pz%SIRgg)915
3977,Maria Tapia,maria5818@yahoo.com,K)3fCa
3978,Jennifer Roberts,,3CGBpYX4*K!
3979,Angela Frazier,angela7133@outlook.com,(VFtvwe51
3980,Lisa Parker,lisa4382@outlook.com,xc+0P4dOp+
3981,Christina Sherman,christina9408@mail.com,Wm5MfWGa%j9
3982,Shannon Mcfarland,shannon6782@yahoo.com,!7K4I4k
3983,Kimberly Stewart,kimberly9174@gmail.com,5^77GkOv
,Deanna Lara,deanna5513@test.com,_q9JzSTE
3985,Joshua King,joshua256@company.com,@Q1q)apnS1
3986,Mia Kelley,mia3291@company.com,#i%4Hh4^N13
3987,Brianna Gallegos,brianna9317@mail.com,*K7Zk2
3988,Michael Pope,michael7242@gmail.com,$J16Vy
3989,Julia Smith,julia2203@gmail.com,)$5KO0Hn+
3990,Madeline Davis,madeline2666@yahoo.com,95WPR2mR@
3991,Susan Martin,susan7827@yahoo.com,kdu3zBZ3M&T+
3992,Gregory Bryant,gregory9231@mail.com,0%UXel#9(**q
3993,Phillip Browning,phillip6668@test.com,IS23VLtx$Jm7
3994,Andrew Williams,andrew9102@company.com,DC_9Ki
3995,Cesar Acosta,cesar8359@mail.com,Pg#U_3Tg
3996,christopher thomas,christopher6631@gmail.com,%724fTjv6QS
3997,Kirsten Ferrell,kirsten2981@test.com,jY2UKv(1+_
3998,Deborah Brown,deborah9923@test.com,&DWZwo7PF8
3999,Eileen Gutierrez,eileen6904@test.com,password
4000,Donna Cabrera,donna3084@outlook.com,h*1Oxc%#2
4001,Jacqueline Anderson,,e#0WLqIM3dr
4002,David Hayes,david4659@mail.com,)1VJdv
4003,Justin Allen,justin7034@company.com,FP6UnKQl3+H
4004,Michael Alexander,michael9648@gmail.com,cdXeMvRUd&2K
4005,Jonathan Lucas,jonathan1905@test.com,#43vuHiC
4006,,,)P0MV9Na+
4007,valerie bowers,valerie6044@test.com,4sW02!Uln)!
4008,Ashley Miller,ashley5480@yahoo.com,)T4!mCgw
4009,Jeremiah Giles,jeremiah6609@outlook.com,!9_vMYZl
4010,Dana Greene,dana7499@outlook.com,%8WYgn
4011,William Gordon,william2918 @ company.com,o4e3EIEj$
4012,Vanessa Mccarty,vanessa1568@gmail.com,*CS3JBuODcWu
4013,James Richardson,james5266@company.com,n*3Ba)!j(6$
4014,Robert Smith,robert2828@test.com,@FL9Bi
4015,BRYCE FISHER,bryce9400 @ outlook.com,+8Bio4r
4016,justin smith,justin1399@gmail.com,^Gte64Bsjv
4017,James Smith,james9536@yahoo.com,W+V1Am
4018,David Wells,david7245@test.com,E$3uZlDl
4019,Julia Kim,julia8680@test.com,sz1U7Gumr_4X
4020,Michael Allen,michael9422@gmail.com,@laV+9msS8z
4021,Deborah Gates,deborah2533@mail.com,P%91Zw
4022,Jacob May,jacob1467@company.com,+3OsB#fwY
4023,Cynthia Patrick,cynthia6392 @ company.com,k+0FJc#^OSX
4024,Craig Luna,craig6006@test.com,#UNxaF5U4nYP
4025,Denise Hodge,denise9025@mail.com,^5APh8Uv
4026,Gabrielle Hawkins,gabrielle5357@yahoo.com,$XcH9aYooXrr
4027,,,_3BwRPj
4028,diamond martin,diamond2687@test.com,x(3hjU@p
4029,Pamela Rowland,pamela1073@test.com,y_2V#gR
4030,Michelle Myers DVM,michelle4010@company.com,A68L4GsY_
4031,Christopher Anderson,christopher2678@outlook.com,)4nIsd
4032,Tyrone Wright,tyrone9218@company.com,$3@8NOw
4033,Jessica Burton,jessica7612@company.com,*05B@yea(c0#
4034,Robin Chambers,robin6627@mail.com,_5HGyY
4035,Lawrence Riley,lawrence9513@company.com,_Oz2SI6h6MBv
4036,Andrew Wells,andrew5848@outlook.com,y7TmBj0E%b
4037,Dorothy Williamson,dorothy9125@company.com,u(3X@f
4038,Richard Stewart,richard2507 @ mail.com,L3ORrXct+_E8
4039,Eric Hansen,eric9555@company.com,a7Suerrn+41
4040,Stephanie Burton,stephanie7035@mail.com,d&P6EBoA_k7*
4041,Kenneth Smith,kenneth3796@yahoo.com,(*3_mI4i
4042,Lonnie Summers,,6283Cf^!_#xE
4043,Sean Bradley,sean2796@gmail.com,@3YjHg
4044,Deborah Hill,deborah3737@outlook.com,zPl@u91wY(
4045,Jenna Gordon,jenna7086@test.com,I$w5oFsSD
4046,Amy Poole,amy4741@gmail.com,gK%N6E(n+
4047,Eric Casey,eric1286@mail.com,+*2Zs+SHgq
4048,Leah Sharp,leah3024@mail.com,a3TqA1e**ZA9
4049,Melissa Schmidt,melissa2@gmail.com,HI(98NhoAWu
4050,Angela King,angela6153@yahoo.com,I+0Wzxl
4051,Jacob Pittman,jacob3076@test.com,+1GEo1@(t89
4052,Michelle Wright,michelle2989@outlook.com,6SGAsgp!^
4053,larry perez,larry7639@outlook.com,^8A*@qp#
4054,justin richardson,justin9111@test.com,_p6bYzc
4055,Jonathan Clark,jonathan1971@outlook.com,
4056,Matthew Ray,matthew141@outlook.com,
4057,Julie Kidd,julie7221@mail.com,K03T%0FcYA@
4058,Nicole Rodriguez,nicole3458@yahoo.com,0)5y5VCg
4059,Kimberly Martin,kimberly7958@gmail.com,I#56Hy#@2QJ
4060,Stephanie Howard,stephanie4121@gmail.com,s+*1ZINYhsk0
4061,Anthony Price,anthony8259@yahoo.com,*1E!Myei
4062,SEAN MENDEZ,sean6513@yahoo.com,_+1YWvXU
4063,Christine Weaver,christine9537@company.com,+9(TbE
4064,Anna Strickland,anna7750@test.com,#NAME?
4065,Kimberly Johnson,kimberly7473@test.com,pm7g#dVut&q
4066,Daniel Austin,daniel5104@gmail.com,#yC36CUzSB
4067,Tasha Armstrong,tasha3667@gmail.com,#NAME?
4068,Philip Mckee,philip3969@gmail.com,+^4Ivi
4069,Russell Ballard,russell1318@yahoo.com,+7VT0l
4070,Dr. Joel Harris,dr.396@company.com,f+6Eqj
4071,Sarah Hayden,sarah9813@gmail.com,3HRKgw_J(w3
4072,Tommy Gray,tommy2582@company.com,&3CW+b
4073,Thomas Hall,thomas8240@outlook.com,$7ndJVj
4074,Carmen Cherry,carmen8097@company.com,!rSejv7N)5
4075,Michelle Gonzalez,michelle3137@test.com,M_#$+2OkF
4076,ALICIA WHITE,alicia6404@mail.com,1A)a5P68_HLf
4077,Julie Miller,,y2_VwUqw^KOT
4078,Dana Vazquez,dana7463@company.com,p$0sEIeS
4079,Donna Hernandez,donna2537@mail.com,_WVW*Dry2m0
4080,Laura Powell,laura7671@mail.com,*4TLbyKc
4081,Daniel Davidson,daniel5576@test.com,W(82Gs_q
4082,Paul Carter,paul3521@outlook.com,I7NrnTqB_O
4083,Heather Mccarthy,heather1967@gmail.com,@N5VMCZr*M%)
4084,Ryan Willis,ryan2520 @ test.com,u4NJIjGm(!Cx
4085,Whitney Shields,,9^f3rOipQe
4086,Joanna Johnson,joanna9191@test.com,P*d5oEy
4087,Todd Davenport,todd9191@outlook.com,mDaqcpJU#9E
4088,,,!$1Y5!cueg
4089,Brian Morgan,brian1981@company.com,*t2Kpaja(q%b
4090,David Collins,david2616@test.com,p5&3DSj
4091,Robert Bass,robert4664@mail.com,%5te3ZqCG
4092,Jessica Mays,jessica2577@yahoo.com,123456
4093,Diana Wong,diana3893@outlook.com,&&C0#SjhnC
4094,Christopher Smith,christopher1111@yahoo.com,_GD45Z&k9&S
4095,Christopher Coleman,christopher4523@test.com,&6+dDr%f
4096,Melissa Brock,melissa1343@mail.com,NM&S7Ycr
4097,,,^L54Q&fbn
4098,Andrew Estrada,andrew8963@test.com,#2LtJs
4099,Eugene Hubbard,eugene442@gmail.com,$r)T2tFtiYBI
4100,Samuel Davis,samuel4753@company.com,gI!SavSfB44
4101,Laura Dominguez,laura939@company.com,z#3)5&GcB#
4102,Elizabeth Hughes,elizabeth70@mail.com,Y63Yq$*6+
4103,Monique Rogers,monique2130 @ mail.com,&lOyErwi90
4104,Patrick Cervantes,patrick3603@test.com,%22RVw
4105,Michael Wyatt,michael9761@test.com,@1OFk*
4106,Ashley Charles,ashley5741@company.com,*61RhxNe5+&
4107,Gail Harris,gail4230@company.com,^9N6r3Jkc*KV
4108,Kimberly Hill,kimberly6392@yahoo.com,R!*QHDZc_gL8
4109,Deanna Cochran,deanna9166@yahoo.com,+0X_MKd90lQ
4110,Julie Ortega,julie3018@company.com,(5AFmC
4111,KAREN BURGESS,karen4003@gmail.com,h77gOHEk*u
4112,Jose Hernandez,jose9508@company.com,@LkcA)ip2$
4113,Traci Camacho,traci3755@mail.com,^t_G5aNu
4114,Sergio Fuller,sergio9726@gmail.com,Z)tgW+Arhz2
4115,Kayla Ross,kayla6119@yahoo.com,I%d6Tm
4116,Monica Callahan,monica9381@yahoo.com,Gn1X8Umu^c
4117,David James,david7037@mail.com,Y$WZDBi0SY80
4118,Stephanie Reilly DDS,stephanie6073@gmail.com,#00MUpaR
4119,Jennifer David,jennifer1247@gmail.com,bt5CDbnB@I8!
4120,Dorothy Cox,dorothy9379@gmail.com,zT)3YAlN
4121,Ashley Tran,ashley522@mail.com,&j1SuF
4122,Kylie Foster,kylie7669 @ mail.com,@1Fdgl
4123,REBECCA HERNANDEZ,rebecca5242@gmail.com,u$S(FXzmq%8
4124,Hannah Nguyen,hannah986@test.com,TUT)6Znd$8
4125,Victoria Johnston,victoria362 @ test.com,nO4S)QkJn&
4126,Matthew Miller,matthew9373@gmail.com,Tc5WySlw(8
4127,Eduardo Thompson,eduardo8676@test.com,E7Trw!Z7*#R
4128,Ryan Hughes,ryan9832@test.com,hR&H7VHr5)
4129,Benjamin Jones,benjamin917@outlook.com,L)3WJr
4130,Tyler Simmons,tyler7066@yahoo.com,@9FsJbny
4131,Heather Harmon,heather5129@gmail.com,T*v&05JwG#
4132,Jacqueline Torres,jacqueline2556@test.com,51k2UKt5+
4133,Jason Burnett,jason3752@gmail.com,%uIxOqil7z
4134,Mrs. Catherine Perez,mrs.2146@mail.com,eX6C^aVe*3j6
4135,Jon Bradshaw,jon7636@yahoo.com,U(7aDu
4136,,,As#V7Hv
4137,Alexandra Davis,alexandra7506@outlook.com,K*P46Yuv%I)
4138,Rebecca Andersen,rebecca7718@outlook.com,_F2z2Ng
4139,Patrick Acosta,patrick1523@yahoo.com,&GtMYupS41+A
4140,Julie Edwards,julie433@test.com,tx#6A6pR
4141,Tara Maynard,tara8998@company.com,%0ApQzbfQRV
4142,Christopher Carr,christopher3412@outlook.com,&8Nko)
4143,mrs. jennifer herring,mrs.836@mail.com,j2O(ODP_+bSL
4144,Mary David,,Hz0#UuXfD^
4145,Judith Bates,judith8328@outlook.com,d!N1Zl
4146,Jonathan Williams,,!)1AHw
4147,DANIEL HERNANDEZ,daniel3720@yahoo.com,*3xW1aQa%z41
4148,Linda Wilson,linda9915@outlook.com,Afw4kKhU_VD
4149,Tammy King,tammy1940@outlook.com,%%MI!s+oV1Wy
4150,Elizabeth Phelps,elizabeth1554@gmail.com,)MClqc6*P0
4151,Brenda Dyer,brenda3810@mail.com,y+3J2gwEHm*
4152,JIMMY MARKS,jimmy876 @ test.com,Z+6Bus+uY
4153,David Atkins,david9101@gmail.com,Qe2H!VLaE#!
4154,Roy Ward,roy561@outlook.com,@x9WiKuOt#3
4155,Wendy Ford,wendy2039@test.com,#R52STWx
4156,Michael Lopez,michael7017@mail.com,z$4U1uo
4157,Kathleen Roy,kathleen5669@mail.com,68cIhZ%j)Y
4158,nicole allen,,Z!_(AyTh*1
4159,nicholas perry,nicholas5000 @ mail.com,%4GvQy%_
4160,,,(U0ozx*LP*N+
4161,Bobby Golden,bobby730@mail.com,$6ZpEc
4162,Bradley Williams,bradley4877@outlook.com,!5OvVJrurO
4163,BRIANNA CLARK,brianna8089@mail.com,^f1ARPp2rF
4164,Jason Colon,jason2517@gmail.com,password
4165,Thomas Pham,thomas5626@test.com,Na)7XAaQ
4166,Jose Kerr,jose9251@outlook.com,l*zO4NHwjG1
4167,JOHN RAMIREZ,john8193@yahoo.com,$$OU1Ovm
4168,Lori Hebert,lori3845@gmail.com,I2A5STtU*fQV
4169,Perry Carter,perry2437@yahoo.com,v&2CAaBqb@
4170,jennifer glass,jennifer1286@gmail.com,%2AqglA
4171,Michael Jones,,QLM7Zz1s)
4172,Allen Lopez,allen3384@outlook.com,D9KRxf@4&@px
4173,Jeffrey Mccann,jeffrey2277@gmail.com,82qxY!D5(sXe
4174,William Williams,william5335@gmail.com,kS8Mw0Bb*929
4175,Mary Brown,mary6299@yahoo.com,^hd^lW9tX28f
4176,Thomas Baker,thomas6448@company.com,cIJ*bcY2#1zV
4177,Benjamin Colon,benjamin4730@outlook.com,P^47dYu
4178,Jacqueline Woodward,jacqueline7232@mail.com,BGuwKrw+(3
4179,Terry Schmidt,terry3862@gmail.com,(N24MciIK1K
4180,Mallory Shaw,mallory3296@test.com,v_4KTteiBn
4181,Jacqueline Williams MD,jacqueline337@test.com,d!y0HxhrG
4182,Lisa Nolan,lisa9023 @ gmail.com,(C+L9Km
4183,Anthony Rosales,anthony2864@outlook.com,^$1Qh^+FA
4184,Michelle Mullins,michelle6252@yahoo.com,)U85Qv
4185,Angela Rivera,angela2008@gmail.com,@8H&2GeFQn
4186,Hannah Rose,hannah5090@company.com,^zU5nGD5+8zL
4187,jasmine williams md,jasmine2249@gmail.com,b8x6Cm4_r^1
4188,CINDY WATTS,cindy6084@test.com,7_B2tJuw
4189,Curtis Reed,curtis4138@mail.com,la3xUPFd^Q5
4190,,,gFhZCZIr+x2
4191,Michelle King,michelle8554@test.com,Pror)mUir)2^
4192,Timothy Alexander,timothy1392@company.com,#)d8oS2tiaP2
4193,Brad Mendoza,brad5602@test.com,+3QuLE2s65
4194,douglas tapia,douglas5898@mail.com,#&v92(Zpe4+
4195,Crystal Dominguez,crystal4358@mail.com,S5PuD7p6)i
4196,Marcus Thompson,marcus2695@gmail.com,!Sa2OjXtf
4197,David Smith,david6183@test.com,123456
4198,Richard Nelson,richard7554@test.com,E&b1Oj
4199,Rodney Patel,rodney8030@gmail.com,K*97OepB(
4200,Stephanie Williams,stephanie5283@outlook.com,o$^5J$h
1182,Martha Stephens,martha2460@yahoo.com,9G1JNh!_@(
1628,Michael Henderson,michael7466@test.com,D&5naYBl
766,Kelly Hill,kelly2485 @ test.com,(_8VIjKfX8j4
2396,Shawna Potter,shawna7059@company.com,Pg75zsGd%D^
21,Antonio Williams,antonio9791@gmail.com,_830Hc
161,JESSICA PEREZ,jessica344@test.com,(XBH6GciS2s
4146,Jonathan Williams,,!)1AHw
2332,James Morgan,james9638@test.com,)2E)gyG
1934,Taylor Medina,taylor4425@test.com,l0Uhpsv^(A0
3749,LISA KRAMER,lisa742@company.com,#A9Fth%YL
1650,David Kelly,david2855@mail.com,GQ74Tqub+
,Troy Parsons Jr.,troy2906 @ company.com,%5S6Fc
3860,Kevin English,kevin4753@yahoo.com,
2774,Andrew Knight,andrew1787@yahoo.com,(h+0A)z
3395,Charles Woods,charles8080@mail.com,Y5Hujhht_f
1249,Linda Edwards,linda350@gmail.com,%87EIvgn
2238,Jimmy Murphy,jimmy287@gmail.com,@6n16Ss
3703,Charles Gordon,charles6003@company.com,&4(&VGdpMAZ)
13,crystal blanchard,crystal2562@gmail.com,356J&mMr(M
2888,Mary Carlson,mary6255@test.com,9hy!m5D%+4D4
264,Charles Lopez,charles1078@yahoo.com,p^9TcWV
2712,BRANDON ELLIS,brandon4219@test.com,_91dGIJp
3107,David Moore,david4415@outlook.com,!9SD2Ip
3788,Priscilla Williams,priscilla6981@gmail.com,@5pb5FoP
329,Ann Gonzalez,ann7129@test.com,F%3RYa
3641,,,@$f7Xn
3998,Deborah Brown,deborah9923@test.com,&DWZwo7PF8
3685,Preston Alvarado,preston8729@gmail.com,93Weq3K0*
2982,NICHOLAS TAYLOR,nicholas5246@mail.com,^6z!1EFd
1835,Phillip Ruiz,phillip133@yahoo.com,*0TFR0y
2032,stephen allen,stephen5300@yahoo.com,V#PcXVXqUB9k
2043,Amanda Vasquez,amanda6741 @ yahoo.com,(6weHIs
1511,Samuel Douglas,samuel5448@yahoo.com,%V$6JoVmQ9%M
4065,Kimberly Johnson,kimberly7473@test.com,pm7g#dVut&q
1657,Wesley Hardin,wesley2082@mail.com,(!$p1gKsX
197,Marie Compton,marie5141@outlook.com,^9BGj3aA
442,Heather Stokes,heather8688@yahoo.com,!5(Qd0
2095,Rodney Sullivan,rodney9924@gmail.com,+0N_9p%
949,Jennifer Horton,jennifer8006@mail.com,_6ZIeJ$
2194,Catherine Waters,catherine1630@outlook.com,^!VU3Ic0
848,Kevin Watkins,kevin2812@yahoo.com,!k39Sos*fTm
537,Allison Mclaughlin,allison9389@mail.com,_#^1)Lik
3428,Susan Bowman,susan3941@mail.com,YX@4Vh
1428,Mrs. Lori Logan MD,mrs.2637@yahoo.com,$!9w2I2a1
3315,John Graham,john8186@outlook.com,yqI!u1$To96y
1827,Kathleen Patrick,kathleen3441@yahoo.com,h*5zHLbz7
164,Johnathan Peterson,johnathan417@mail.com,)8AlHPi
2465,Renee Harmon,renee445@outlook.com,RFXpJu4C#3K_
2083,James White,james8551@yahoo.com,1h@9Ss&!
1458,Carla Yates,carla27@yahoo.com,
1523,Randy Warner,randy322@test.com,#NAME?
2400,LISA TORRES,lisa8781@gmail.com,T84%8*m0g@+F
2414,Maria Spears,maria1157@gmail.com,vW@Q$p8f)45
1918,Stephen Davis,stephen1913@company.com,#4Gwgsr
1176,ANDREW HERNANDEZ,andrew1599@mail.com,+Qh!yhoi0(Mq
3898,Scott Hernandez,scott2395@mail.com,)0LQevC
2140,Jimmy Moreno,jimmy8485@test.com,S&(1EovO_
4126,Matthew Miller,matthew9373@gmail.com,Tc5WySlw(8
488,Alicia Hall,alicia2341@test.com,v$9+ZsXLp5
3413,erika lee,erika5508@mail.com,*71&UYxv
1533,Kelsey Brown,kelsey9550 @ gmail.com,@PTCC8Ngq2
4107,Gail Harris,gail4230@company.com,^9N6r3Jkc*KV
1771,Mark Logan,mark9519@gmail.com,&2BZS6g3(#3
1750,Edward Pennington,edward2289@test.com,43E8h_h_!rN5
2561,Ian Kent,ian5783 @ outlook.com,m1)QFPqC^
2507,Alison Farrell,alison1676@gmail.com,
240,Charlene Turner,charlene1041@test.com,@$1wNt0a
3238,Christine Galvan,christine3652@company.com,qDVjEels@x5!
3150,ronald lawson,ronald2655@mail.com,%4Tg2&o
1720,Dr. Judy Brown,dr.5082@outlook.com,x(6I4Rf
3882,Michelle Williams,michelle7909@outlook.com,^5WW01c
1063,Curtis Martinez,curtis82@gmail.com,!lk2tHUc5&
1070,Mary Bryan,mary8696@company.com,+0GdbiV
3393,Julie Davis MD,,I67DRKyH$d7w
3610,Javier Williams,javier6826@yahoo.com,^SX4Iby
3525,Gerald Blanchard,gerald7599@company.com,password
3929,Julie Campbell,julie2026@gmail.com,#8LQnZinF#0
3215,Mrs. Haley Mitchell MD,mrs.6647@yahoo.com,_Y#l68Kma&cK
1174,Mark Daniel,mark9764@yahoo.com,%Ci9E2bXC
3972,Natasha Lin,natasha6417@yahoo.com,!&2Cmnz
4088,,,!$1Y5!cueg
1071,Alex Hamilton,alex5780@outlook.com,q@T$%(T7zn
2858,Nancy Diaz,nancy4405@outlook.com,(gRL5RhbG
2085,Megan Vang,megan4181@test.com,*2Rxmy
358,Michele Mcbride,michele5598@yahoo.com,W&)E#yfk#1N6
4154,Roy Ward,roy561@outlook.com,@x9WiKuOt#3
840,Scott Silva,scott3951@yahoo.com,(+&2Dj
1384,Elizabeth Hanson,elizabeth5494@test.com,_5qOOhe
1946,Matthew Munoz,matthew9001@mail.com,_eA6IUa
1347,Sherry Gross,sherry8497@test.com,7m!C@2h4^j9
419,James Moyer,james1828@mail.com,_5B*n8
3521,Randy Patrick,,*X0(fWg
2166,Kimberly Simon MD,kimberly370@yahoo.com,gDTl7nYiG$
536,Alyssa Wood,alyssa4468@mail.com,_5F4_Q2g
1355,Tanner Scott,tanner9023@company.com,^AjxMJgHx4Dj
2674,Ryan Rios,ryan1078@gmail.com,123456
87,NANCY WOLF,nancy4205@company.com,RuJ@8QuB
2708,Tonya Valenzuela,tonya226@mail.com,j@0&Af
3910,,,t#9HxGe
3681,Sharon Hodges,sharon7975@outlook.com,#2XWVa
67,Brenda Smith,brenda891@mail.com,%0HS(n
286,Nicole Cunningham,nicole5746@mail.com,Y7%Zmumm!V
2938,Sean Williams,sean3784@test.com,Pg6$FcQkY!
1223,Sandra Jones,sandra9960@outlook.com,_)7eCNs
1413,James Mclean,james6570@company.com,!1aGeW2ykn
3962,Ryan Smith,ryan2054@outlook.com,#NAME?
594,Jasmine Oliver,jasmine3286@test.com,5$2iCpta*S
1013,Brett Mosley,brett9243@yahoo.com,s*)^SXec^7d
3932,Michael Rogers,michael9106@outlook.com,@7ngXz9uPW
1154,Ricardo Graham,ricardo8559@mail.com,J)g22ZWu
705,Lawrence Harvey,lawrence6591@company.com,*OT&YhIws14*
3165,Dave Meyer,dave8818@test.com,VSPi0N5x_*c
775,Victoria Allen,victoria8137@outlook.com,*7wR1#Ka92
2527,Evan West,evan5644@test.com,&7&lD3lr9
159,Danielle Miller,danielle5535@mail.com,DfNP6e00&9
3802,Richard Ramsey,richard9960@mail.com,@&_b5_HQMt
519,Teresa House,teresa1671@gmail.com,!EIphaUu!0
74,Dawn Ray,dawn8678@company.com,vlZ1S^pt$aY
829,Tamara Walters,tamara2163@mail.com,_W1ErlFp
1588,Karen Salas,karen7365 @ outlook.com,W+J5Vade
4176,Thomas Baker,thomas6448@company.com,cIJ*bcY2#1zV
1121,,,iFW!^grdkb9Q
1768,Richard Vang,richard5937@outlook.com,Z&Y17Wn
2425,Paul Pitts,paul1297@yahoo.com,h$Q1XUhOkv
72,Jacob Tucker,jacob4370@gmail.com,U%kG3DBs9
2230,Wendy Cain,wendy7347@yahoo.com,e^$0sJu9Z$
1736,Kevin Freeman,kevin753@company.com,#NAME?
3263,,,Ud%0A3)e
2041,Allison Tate,allison3349@mail.com,bC5mLu1b)5
4069,Russell Ballard,russell1318@yahoo.com,+7VT0l
1371,William Roth,william1763@test.com,^(B3Zc
2867,Douglas Francis,douglas711@yahoo.com,97W47XAs!H
455,Deborah Escobar,deborah6009@mail.com,%PQ9XFr
3619,John Lynch,john7578@outlook.com,j4(w2OSyD
1558,Kayla Jackson,kayla7041@company.com,e880GrYn*%H
1386,Jonathan Sparks,jonathan4650@test.com,)8NKZr
677,Christopher Wolf,christopher9535@test.com,(1mRax
2458,Seth Duarte,seth8870@yahoo.com,^1hzVq
2282,Bradley Phillips,bradley4926 @ mail.com,*g2FYXD*h6
251,George Tucker,george6661@mail.com,pW^5oBOgr
2742,Michael Greene,michael5710 @ test.com,x%_9NkqU
879,Patricia Long,patricia8852@company.com,+4Ff9oCQ
3363,MATTHEW BURGESS,matthew2054@outlook.com,Wo7t+qrR!N*L
1156,Kimberly King,kimberly3042@outlook.com,n31WZjdK%m
418,John Thomas,john3600@gmail.com,if*)ji^iFh4P
1923,Savannah Gonzalez,savannah8397@outlook.com,#7IeRm
1527,Lori Preston,lori2054@mail.com,6nm9qV^__
141,Karen Garcia,karen2206@company.com,#MbTtQ1k5@w6
3248,Danny Crawford,danny2186@mail.com,_1Jz^t
3418,Susan Johnson,susan3400@gmail.com,rUY4IXnz(
